文頭表現,class
[AREA]または、[AREA]の[PRON],almighty
[AREA]と[AREA]で食べられる、[PRON],almighty
[AREA]か[AREA]で食べられている、[PRON],almighty
[TYPE]か[TYPE],almighty
[SZN]の[PRON],almighty
[SZN]に食べられる[PRON],almighty
[SZN]に食べられている[PRON],almighty
[INGR]を使った、[PRON],almighty
[INGR]または、[INGR]を使用した[PRON],almighty
[INGR]が使われている[PRON],almighty
[AREA]の[TYPE]あるいは[TYPE],almighty
[AREA]で食べられる[TYPE],almighty
[AREA]で食べられている[TYPE],almighty
[AREA]に[TYPE]か[TYPE],minor
[TYPE]で[AREA]の[PRON],almighty
[TYPE]または、[TYPE]で[AREA]で食べられる[PRON],almighty
[TYPE]で[AREA]で食べられている[PRON],almighty
[TYPE]に、[AREA]あるいは、[AREA]の[PRON],minor
[TYPE]または[TYPE]に[AREA]で食べられる[PRON],minor
[TYPE]、または、[TYPE]に[AREA]で食べられている[PRON],minor
[AREA]の、[SZN]の[PRON],almighty
[AREA]の[SZN]に食べられる[PRON],almighty
[AREA]または[AREA]の[SZN]に食べられている、[PRON],almighty
[AREA]で[SZN]に食べられる[PRON],almighty
[AREA]で、[SZN]に食べられている[PRON],almighty
[AREA]あるいは[AREA]で食べられる[SZN]の、[PRON],almighty
[AREA]で食べられている[SZN]の[PRON],almighty
[AREA]に[SZN]または[SZN]の[PRON],minor
[SZN]と[SZN]の[AREA]の[PRON],almighty
[SZN]の[AREA]と[AREA]で食べられる[PRON],almighty
[SZN]の[AREA]か[AREA]で食べられている[PRON],almighty
[SZN]または[SZN]に[AREA]の[PRON],minor
[SZN]に、[AREA]で食べられる[PRON],almighty
[SZN]、と[SZN]に[AREA]で食べられている[PRON],almighty
[SZN]に食べられる[AREA]の、[PRON],almighty
[SZN]に食べられている、[AREA]の[PRON],almighty
[AREA]の[INGR]か[INGR]を使った[PRON],almighty
[AREA]の[INGR]を使用した[PRON],almighty
[AREA]と[AREA]の[INGR]が使われている[PRON],almighty
[AREA]と、[AREA]で食べられる[INGR]を使った[PRON],almighty
[AREA]か、[AREA]で食べられる[INGR]を使用した[PRON],almighty
[AREA]で食べられる[INGR]が使われている[PRON],almighty
[AREA]で食べられている[INGR]を使った[PRON],almighty
[AREA]で食べられている、[INGR]を使用した[PRON],almighty
[AREA]、と[AREA]で食べられている[INGR]が使われている[PRON],almighty
[AREA]か、[AREA]に[INGR]を使った[PRON],minor
[AREA]に[INGR]、と、[INGR]を使用した[PRON],minor
[AREA]と[AREA]に[INGR]が使われている[PRON],minor
[INGR]あるいは[INGR]を使った[AREA]の[PRON],almighty
[INGR]と[INGR]を使用した[AREA]の[PRON],almighty
[INGR]が使われている[AREA]の[PRON],almighty
[INGR]を使った[AREA]で食べられる[PRON],almighty
[INGR]を使用した、[AREA]で食べられる[PRON],almighty
[INGR]が使われている[AREA]あるいは[AREA]で食べられる[PRON],almighty
[INGR]を使った[AREA]、か[AREA]で食べられている、[PRON],almighty
[INGR]を使用した、[AREA]で食べられている[PRON],almighty
[INGR]が使われている[AREA]、と、[AREA]で食べられている[PRON],almighty
[TYPE]で[SZN]または、[SZN]の[PRON],almighty
[TYPE]で[SZN]に食べられる[PRON],almighty
[TYPE]で[SZN]に食べられている、[PRON],almighty
[TYPE]または、[TYPE]に[SZN]の、[PRON],minor
[SZN]、か、[SZN]の[TYPE],almighty
[SZN]に、[TYPE],minor
[SZN]に食べられる[TYPE],almighty
[SZN]に食べられている、[TYPE],almighty
[TYPE]と[TYPE]で[INGR]を使った[PRON],almighty
[TYPE]で[INGR]または、[INGR]を使用した、[PRON],almighty
[TYPE]で[INGR]が使われている[PRON],almighty
[TYPE]に[INGR]を使った、[PRON],minor
[TYPE]に、[INGR]を使用した[PRON],minor
[TYPE]に[INGR]が使われている[PRON],minor
[INGR]か[INGR]を使った、[TYPE],almighty
[INGR]を使用した[TYPE]、か[TYPE],almighty
[INGR]が使われている[TYPE],almighty
[SZN]の、[INGR]を使った[PRON],almighty
[SZN]の[INGR]を使用した[PRON],almighty
[SZN]の[INGR]か[INGR]が使われている[PRON],almighty
[SZN]または[SZN]に食べられる[INGR]を使った[PRON],almighty
[SZN]に食べられる[INGR]か[INGR]を使用した[PRON],almighty
[SZN]に食べられる、[INGR]が使われている[PRON],almighty
[SZN]に食べられている[INGR]を使った[PRON],almighty
[SZN]、か、[SZN]に食べられている[INGR]を使用した[PRON],almighty
[SZN]に食べられている[INGR]が使われている、[PRON],almighty
[INGR]を使った[SZN]の[PRON],almighty
[INGR]を使用した、[SZN]の[PRON],almighty
[INGR]、あるいは、[INGR]が使われている[SZN]の[PRON],almighty
[INGR]を使った[SZN]か、[SZN]に食べられる[PRON],almighty
[INGR]を使用した[SZN]に食べられる、[PRON],almighty
[INGR]が使われている[SZN]に食べられる[PRON],almighty
[INGR]を使った、[SZN]に食べられている[PRON],almighty
[INGR]を使用した[SZN]に食べられている[PRON],almighty
[INGR]が使われている[SZN]に食べられている[PRON],almighty
[AREA]の、[TYPE]で[SZN]の[PRON],almighty
[AREA]の[TYPE]または、[TYPE]で[SZN]に食べられる[PRON],almighty
[AREA]の[TYPE]で[SZN]に食べられている[PRON],almighty
[AREA]の[TYPE]に[SZN]の[PRON],minor
[AREA]で[TYPE]または、[TYPE]に、[SZN]の[PRON],minor
[AREA]か[AREA]で食べられる、[TYPE]で[SZN]の[PRON],almighty
[AREA]で食べられている[TYPE]で[SZN]の[PRON],almighty
[AREA]で食べられる[TYPE]に[SZN]の、[PRON],minor
[AREA]で食べられている[TYPE]に[SZN]の[PRON],minor
[AREA]あるいは[AREA]に[TYPE]で[SZN]の、[PRON],minor
[AREA]の[SZN]の[TYPE],almighty
[AREA]の[SZN]に[TYPE],minor
[AREA]の[SZN]または[SZN]に食べられる[TYPE],almighty
[AREA]の[SZN]または、[SZN]に食べられている[TYPE],almighty
[AREA]か、[AREA]で[SZN]に食べられる[TYPE],almighty
[AREA]、あるいは、[AREA]で[SZN]に食べられている[TYPE],almighty
[AREA]で食べられる[SZN]の、[TYPE],almighty
[AREA]で食べられている[SZN]の、[TYPE],almighty
[AREA]に[SZN]の[TYPE],minor
[TYPE]で[AREA]の[SZN]の[PRON],almighty
[TYPE]で[AREA]で[SZN]に食べられる[PRON],almighty
[TYPE]で[AREA]で[SZN]に食べられている[PRON],almighty
[TYPE]で、[AREA]で食べられる[SZN]、または、[SZN]の[PRON],almighty
[TYPE]で[AREA]で食べられている[SZN]の[PRON],almighty
[TYPE]と[TYPE]に[AREA]の、[SZN]の[PRON],minor
[TYPE]に[AREA]で食べられる[SZN]の[PRON],minor
[TYPE]か、[TYPE]に、[AREA]で食べられている[SZN]の[PRON],minor
[TYPE]で[SZN]の、[AREA]の[PRON],almighty
[TYPE]で[SZN]の[AREA]または、[AREA]で食べられる[PRON],almighty
[TYPE]で、[SZN]の[AREA]で食べられている[PRON],almighty
[TYPE]で[SZN]に[AREA]または[AREA]で食べられる、[PRON],almighty
[TYPE]で[SZN]に、[AREA]で食べられている[PRON],almighty
[TYPE]で[SZN]に食べられる[AREA]の[PRON],almighty
[TYPE]で、[SZN]に食べられている[AREA]の[PRON],almighty
[TYPE]に[SZN]の[AREA]の[PRON],minor
[TYPE]に[SZN]の[AREA]で食べられる[PRON],minor
[TYPE]に[SZN]あるいは[SZN]の、[AREA]で食べられている[PRON],minor
[SZN]の[AREA]の[TYPE],almighty
[SZN]の[AREA]で食べられる[TYPE],almighty
[SZN]か[SZN]の[AREA]で食べられている[TYPE],almighty
[SZN]に[AREA]で食べられる[TYPE],almighty
[SZN]、か、[SZN]に[AREA]で食べられている、[TYPE],almighty
[SZN]に食べられる[AREA]の[TYPE],almighty
[SZN]に食べられている[AREA]の[TYPE]、か、[TYPE],almighty
[SZN]あるいは、[SZN]の[TYPE]で[AREA]の[PRON],almighty
[SZN]の[TYPE]で[AREA]で食べられる[PRON],almighty
[SZN]と[SZN]の[TYPE]で[AREA]で食べられている[PRON],almighty
[SZN]の[TYPE]に[AREA]の、[PRON],minor
[SZN]と、[SZN]の[TYPE]に[AREA]で食べられる[PRON],minor
[SZN]、あるいは[SZN]の[TYPE]に、[AREA]で食べられている[PRON],minor
[SZN]、または[SZN]に食べられる[TYPE]で、[AREA]の[PRON],almighty
[SZN]に食べられている[TYPE]で[AREA]の[PRON],almighty
[AREA]の[TYPE]で[INGR]を使った[PRON],almighty
[AREA]の、[TYPE]か[TYPE]で[INGR]を使用した[PRON],almighty
[AREA]と、[AREA]の[TYPE]で、[INGR]が使われている[PRON],almighty
[AREA]または[AREA]の[TYPE]に[INGR]を使った[PRON],minor
[AREA]の[TYPE]に[INGR]を使用した[PRON],minor
[AREA]の[TYPE]に[INGR]が使われている[PRON],minor
[AREA]または[AREA]で[TYPE]に、[INGR]を使った[PRON],minor
[AREA]で[TYPE]に[INGR]を使用した[PRON],minor
[AREA]で[TYPE]に[INGR]が使われている[PRON],minor
[AREA]と[AREA]で食べられる[TYPE]で、[INGR]を使った[PRON],almighty
[AREA]で食べられる[TYPE]で[INGR]を使用した、[PRON],almighty
[AREA]で食べられる[TYPE]で、[INGR]が使われている[PRON],almighty
[AREA]で食べられている、[TYPE]で[INGR]を使った[PRON],almighty
[AREA]で食べられている[TYPE]で[INGR]を使用した[PRON],almighty
[AREA]で食べられている[TYPE]で[INGR]が使われている[PRON],almighty
[AREA]で食べられる[TYPE]に[INGR]または[INGR]を使った[PRON],minor
[AREA]で食べられる[TYPE]、または、[TYPE]に[INGR]を使用した、[PRON],minor
[AREA]で食べられる[TYPE]に、[INGR]、か、[INGR]が使われている[PRON],minor
[AREA]で食べられている、[TYPE]と[TYPE]に[INGR]を使った[PRON],minor
[AREA]で食べられている、[TYPE]に[INGR]を使用した[PRON],minor
[AREA]で食べられている[TYPE]、か、[TYPE]に[INGR]が使われている[PRON],minor
[AREA]に[TYPE]で[INGR]を使った[PRON],minor
[AREA]に[TYPE]で[INGR]を使用した[PRON],minor
[AREA]、あるいは、[AREA]に[TYPE]で[INGR]が使われている[PRON],minor
[AREA]の[INGR]を使った[TYPE]か[TYPE],almighty
[AREA]あるいは[AREA]の[INGR]を使用した[TYPE],almighty
[AREA]の[INGR]が使われている[TYPE],almighty
[AREA]で食べられる[INGR]を使った、[TYPE],almighty
[AREA]で食べられる[INGR]を使用した[TYPE],almighty
[AREA]あるいは[AREA]で食べられる[INGR]が使われている[TYPE],almighty
[AREA]で食べられている[INGR]または[INGR]を使った[TYPE],almighty
[AREA]で食べられている[INGR]を使用した[TYPE],almighty
[AREA]または[AREA]で食べられている[INGR]が使われている、[TYPE],almighty
[AREA]、と、[AREA]に[INGR]を使った[TYPE],minor
[AREA]と、[AREA]に[INGR]を使用した[TYPE],minor
[AREA]に[INGR]が使われている、[TYPE],minor
[TYPE]あるいは[TYPE]で、[AREA]の[INGR]を使った[PRON],almighty
[TYPE]で[AREA]の[INGR]を使用した、[PRON],almighty
[TYPE]で、[AREA]の[INGR]が使われている[PRON],almighty
[TYPE]で、[AREA]で食べられる[INGR]を使った[PRON],almighty
[TYPE]で[AREA]あるいは[AREA]で食べられる[INGR]を使用した[PRON],almighty
[TYPE]で、[AREA]で食べられる[INGR]が使われている[PRON],almighty
[TYPE]で[AREA]で食べられている、[INGR]と[INGR]を使った[PRON],almighty
[TYPE]で[AREA]または、[AREA]で食べられている[INGR]を使用した[PRON],almighty
[TYPE]で、[AREA]で食べられている[INGR]が使われている[PRON],almighty
[TYPE]、と、[TYPE]で[AREA]に、[INGR]を使った[PRON],minor
[TYPE]、または、[TYPE]で[AREA]に[INGR]を使用した[PRON],minor
[TYPE]で[AREA]に[INGR]が使われている[PRON],minor
[TYPE]に[AREA]の、[INGR]を使った[PRON],minor
[TYPE]に[AREA]か[AREA]の[INGR]を使用した[PRON],minor
[TYPE]に[AREA]の[INGR]が使われている[PRON],minor
[TYPE]に、[AREA]で食べられる[INGR]を使った[PRON],minor
[TYPE]に[AREA]か[AREA]で食べられる[INGR]を使用した[PRON],minor
[TYPE]に[AREA]で食べられる[INGR]が使われている[PRON],minor
[TYPE]と[TYPE]に[AREA]で食べられている[INGR]を使った[PRON],minor
[TYPE]に[AREA]、あるいは、[AREA]で食べられている[INGR]を使用した、[PRON],minor
[TYPE]に[AREA]で食べられている[INGR]が使われている[PRON],minor
[TYPE]で[INGR]を使った[AREA]の[PRON],almighty
[TYPE]で[INGR]を使用した[AREA]の[PRON],almighty
[TYPE]で[INGR]が使われている[AREA]の、[PRON],almighty
[TYPE]、と[TYPE]で[INGR]を使った、[AREA]で食べられる[PRON],almighty
[TYPE]か[TYPE]で[INGR]を使用した[AREA]で食べられる[PRON],almighty
[TYPE]で[INGR]が使われている[AREA]で食べられる[PRON],almighty
[TYPE]で[INGR]と、[INGR]を使った[AREA]で食べられている[PRON],almighty
[TYPE]、または[TYPE]で[INGR]を使用した[AREA]で食べられている[PRON],almighty
[TYPE]で[INGR]が使われている[AREA]で食べられている[PRON],almighty
[TYPE]に、[INGR]を使った[AREA]または[AREA]の[PRON],almighty
[TYPE]に[INGR]を使用した、[AREA]の[PRON],almighty
[TYPE]、か[TYPE]に[INGR]が使われている[AREA]の、[PRON],almighty
[TYPE]に[INGR]を使った[AREA]で食べられる[PRON],almighty
[TYPE]に[INGR]を使用した[AREA]で食べられる、[PRON],almighty
[TYPE]に[INGR]または[INGR]が使われている[AREA]で食べられる[PRON],almighty
[TYPE]に[INGR]を使った[AREA]で食べられている[PRON],almighty
[TYPE]、あるいは[TYPE]に[INGR]を使用した[AREA]で食べられている、[PRON],almighty
[TYPE]に[INGR]が使われている[AREA]で食べられている[PRON],almighty
[INGR]を使った、[AREA]の[TYPE],almighty
[INGR]を使用した[AREA]の[TYPE],almighty
[INGR]が使われている[AREA]、と、[AREA]の[TYPE],almighty
[INGR]を使った[AREA]あるいは[AREA]で食べられる、[TYPE],almighty
[INGR]を使用した[AREA]で食べられる[TYPE]、または[TYPE],almighty
[INGR]が使われている[AREA]で食べられる[TYPE]か[TYPE],almighty
[INGR]を使った[AREA]、か、[AREA]で食べられている、[TYPE],almighty
[INGR]を使用した[AREA]で食べられている、[TYPE],almighty
[INGR]と[INGR]が使われている[AREA]で食べられている[TYPE],almighty
[INGR]を使った[TYPE]で[AREA]の[PRON],almighty
[INGR]を使用した、[TYPE]で[AREA]の[PRON],almighty
[INGR]が使われている[TYPE]で[AREA]または[AREA]の、[PRON],almighty
[INGR]あるいは[INGR]を使った[TYPE]で[AREA]で食べられる[PRON],almighty
[INGR]を使用した、[TYPE]で[AREA]で食べられる[PRON],almighty
[INGR]が使われている[TYPE]と[TYPE]で[AREA]で食べられる、[PRON],almighty
[INGR]を使った、[TYPE]で[AREA]で食べられている[PRON],almighty
[INGR]を使用した[TYPE]あるいは[TYPE]で[AREA]で食べられている[PRON],almighty
[INGR]が使われている[TYPE]あるいは[TYPE]で、[AREA]で食べられている[PRON],almighty
[INGR]を使った[TYPE]と[TYPE]に[AREA]の[PRON],minor
[INGR]を使用した、[TYPE]に[AREA]の[PRON],minor
[INGR]または、[INGR]が使われている[TYPE]に、[AREA]の[PRON],minor
[INGR]あるいは[INGR]を使った[TYPE]に[AREA]で食べられる[PRON],minor
[INGR]を使用した[TYPE]に[AREA]で食べられる[PRON],minor
[INGR]が使われている[TYPE]に[AREA]で食べられる[PRON],minor
[INGR]あるいは[INGR]を使った[TYPE]に[AREA]で食べられている[PRON],minor
[INGR]を使用した、[TYPE]と[TYPE]に[AREA]で食べられている[PRON],minor
[INGR]が使われている[TYPE]に[AREA]で食べられている[PRON],minor
[AREA]の[SZN]と[SZN]の[INGR]を使った[PRON],almighty
[AREA]、か[AREA]の[SZN]の[INGR]を使用した[PRON],almighty
[AREA]の[SZN]の[INGR]が使われている[PRON],almighty
[AREA]、または[AREA]の[SZN]に食べられる[INGR]を使った[PRON],almighty
[AREA]の、[SZN]に食べられる[INGR]を使用した[PRON],almighty
[AREA]の[SZN]に食べられる[INGR]、または、[INGR]が使われている[PRON],almighty
[AREA]の[SZN]あるいは[SZN]に食べられている[INGR]を使った、[PRON],almighty
[AREA]の[SZN]に食べられている、[INGR]を使用した[PRON],almighty
[AREA]の[SZN]に食べられている、[INGR]または、[INGR]が使われている[PRON],almighty
[AREA]か、[AREA]で[SZN]の[INGR]を使った[PRON],minor
[AREA]で[SZN]の[INGR]を使用した[PRON],minor
[AREA]で[SZN]か[SZN]の[INGR]が使われている[PRON],minor
[AREA]で[SZN]に[INGR]を使った、[PRON],minor
[AREA]で[SZN]に[INGR]を使用した[PRON],minor
[AREA]で[SZN]に[INGR]が使われている[PRON],minor
[AREA]で[SZN]に食べられる[INGR]を使った[PRON],almighty
[AREA]で[SZN]に食べられる[INGR]を使用した、[PRON],almighty
[AREA]で[SZN]に食べられる、[INGR]が使われている[PRON],almighty
[AREA]、あるいは[AREA]で[SZN]に食べられている[INGR]を使った[PRON],almighty
[AREA]で[SZN]に食べられている[INGR]を使用した[PRON],almighty
[AREA]または[AREA]で[SZN]に食べられている[INGR]が使われている、[PRON],almighty
[AREA]または[AREA]で食べられる[SZN]の[INGR]を使った[PRON],almighty
[AREA]で食べられる[SZN]の[INGR]を使用した[PRON],almighty
[AREA]か[AREA]で食べられる、[SZN]の[INGR]が使われている[PRON],almighty
[AREA]で食べられている[SZN]の[INGR]あるいは[INGR]を使った、[PRON],almighty
[AREA]で食べられている[SZN]の、[INGR]を使用した[PRON],almighty
[AREA]で食べられている[SZN]または、[SZN]の[INGR]が使われている[PRON],almighty
[AREA]に[SZN]、と、[SZN]の[INGR]を使った、[PRON],minor
[AREA]に[SZN]、と、[SZN]の[INGR]を使用した[PRON],minor
[AREA]に[SZN]の[INGR]または[INGR]が使われている[PRON],minor
[AREA]の、[INGR]を使った[SZN]の[PRON],almighty
[AREA]の[INGR]を使用した[SZN]の、[PRON],almighty
[AREA]、と、[AREA]の、[INGR]が使われている[SZN]の[PRON],almighty
[AREA]の[INGR]か、[INGR]を使った[SZN]に食べられる[PRON],almighty
[AREA]の[INGR]を使用した、[SZN]に食べられる[PRON],almighty
[AREA]の[INGR]が使われている[SZN]、あるいは、[SZN]に食べられる[PRON],almighty
[AREA]の[INGR]を使った[SZN]に食べられている、[PRON],almighty
[AREA]の、[INGR]または[INGR]を使用した[SZN]に食べられている[PRON],almighty
[AREA]の[INGR]が使われている[SZN]または[SZN]に食べられている[PRON],almighty
[AREA]、あるいは、[AREA]で[INGR]を使った[SZN]の[PRON],minor
[AREA]、あるいは[AREA]で[INGR]を使用した[SZN]の[PRON],minor
[AREA]で、[INGR]が使われている[SZN]の[PRON],minor
[AREA]で[INGR]を使った[SZN]に食べられる[PRON],minor
[AREA]で[INGR]、と[INGR]を使用した[SZN]に食べられる[PRON],minor
[AREA]で、[INGR]が使われている[SZN]または[SZN]に食べられる[PRON],minor
[AREA]で[INGR]か[INGR]を使った[SZN]に食べられている[PRON],minor
[AREA]または[AREA]で[INGR]を使用した[SZN]に食べられている[PRON],minor
[AREA]で[INGR]か[INGR]が使われている[SZN]に食べられている[PRON],minor
[AREA]か、[AREA]で食べられる[INGR]を使った、[SZN]の[PRON],almighty
[AREA]で食べられる[INGR]を使用した[SZN]、と[SZN]の[PRON],almighty
[AREA]で食べられる[INGR]が使われている[SZN]の[PRON],almighty
[AREA]で食べられている、[INGR]あるいは[INGR]を使った[SZN]の[PRON],almighty
[AREA]で食べられている[INGR]、か、[INGR]を使用した[SZN]の[PRON],almighty
[AREA]、か、[AREA]で食べられている[INGR]が使われている、[SZN]の[PRON],almighty
[AREA]に、[INGR]または[INGR]を使った[SZN]の[PRON],minor
[AREA]または[AREA]に[INGR]を使用した[SZN]の[PRON],minor
[AREA]に、[INGR]が使われている[SZN]の[PRON],minor
[SZN]の、[AREA]の[INGR]を使った[PRON],almighty
[SZN]の[AREA]または[AREA]の、[INGR]を使用した[PRON],almighty
[SZN]の[AREA]の[INGR]が使われている[PRON],almighty
[SZN]の[AREA]で食べられる[INGR]と、[INGR]を使った[PRON],almighty
[SZN]または[SZN]の[AREA]で食べられる[INGR]を使用した[PRON],almighty
[SZN]の[AREA]で食べられる[INGR]が使われている、[PRON],almighty
[SZN]または[SZN]の[AREA]で食べられている[INGR]を使った[PRON],almighty
[SZN]の[AREA]で食べられている[INGR]を使用した[PRON],almighty
[SZN]あるいは[SZN]の[AREA]で食べられている、[INGR]が使われている[PRON],almighty
[SZN]に[AREA]で食べられる、[INGR]を使った[PRON],almighty
[SZN]に[AREA]で食べられる[INGR]を使用した、[PRON],almighty
[SZN]に[AREA]で食べられる[INGR]が使われている[PRON],almighty
[SZN]に[AREA]、または[AREA]で食べられている[INGR]を使った[PRON],almighty
[SZN]に[AREA]で食べられている[INGR]、と、[INGR]を使用した[PRON],almighty
[SZN]に[AREA]あるいは[AREA]で食べられている[INGR]が使われている[PRON],almighty
[SZN]または[SZN]に食べられる、[AREA]の[INGR]を使った[PRON],almighty
[SZN]に食べられる[AREA]または、[AREA]の、[INGR]を使用した[PRON],almighty
[SZN]に食べられる[AREA]の[INGR]が使われている[PRON],almighty
[SZN]に食べられている[AREA]の[INGR]を使った[PRON],almighty
[SZN]に食べられている[AREA]あるいは、[AREA]の[INGR]を使用した[PRON],almighty
[SZN]と[SZN]に食べられている[AREA]の[INGR]が使われている[PRON],almighty
[SZN]の、[INGR]を使った[AREA]の[PRON],almighty
[SZN]の、[INGR]と、[INGR]を使用した[AREA]の[PRON],almighty
[SZN]あるいは[SZN]の[INGR]が使われている[AREA]の[PRON],almighty
[SZN]か[SZN]の[INGR]を使った、[AREA]で食べられる[PRON],almighty
[SZN]の[INGR]を使用した[AREA]で食べられる[PRON],almighty
[SZN]の[INGR]が使われている[AREA]で食べられる[PRON],almighty
[SZN]の[INGR]を使った[AREA]で食べられている[PRON],almighty
[SZN]の[INGR]を使用した[AREA]で食べられている[PRON],almighty
[SZN]の[INGR]が使われている[AREA]で食べられている[PRON],almighty
[SZN]と、[SZN]に食べられる[INGR]を使った[AREA]の[PRON],almighty
[SZN]に食べられる[INGR]を使用した[AREA]または[AREA]の[PRON],almighty
[SZN]に食べられる[INGR]が使われている、[AREA]か[AREA]の[PRON],almighty
[SZN]に食べられている、[INGR]を使った[AREA]、か[AREA]の[PRON],almighty
[SZN]に食べられている[INGR]を使用した[AREA]の[PRON],almighty
[SZN]に食べられている、[INGR]が使われている[AREA]の[PRON],almighty
[INGR]を使った[AREA]の、[SZN]の[PRON],almighty
[INGR]を使用した[AREA]と[AREA]の[SZN]の、[PRON],almighty
[INGR]が使われている[AREA]の[SZN]の[PRON],almighty
[INGR]を使った、[AREA]または、[AREA]の[SZN]に食べられる[PRON],almighty
[INGR]を使用した[AREA]の[SZN]に食べられる[PRON],almighty
[INGR]か[INGR]が使われている、[AREA]の[SZN]に食べられる[PRON],almighty
[INGR]を使った[AREA]の[SZN]に食べられている、[PRON],almighty
[INGR]を使用した、[AREA]の[SZN]に食べられている[PRON],almighty
[INGR]か[INGR]が使われている[AREA]の[SZN]に食べられている[PRON],almighty
[INGR]を使った[AREA]で、[SZN]に食べられる[PRON],almighty
[INGR]を使用した[AREA]で[SZN]と[SZN]に食べられる[PRON],almighty
[INGR]が使われている、[AREA]で[SZN]に食べられる[PRON],almighty
[INGR]を使った[AREA]で[SZN]か[SZN]に食べられている[PRON],almighty
[INGR]を使用した[AREA]で[SZN]に食べられている[PRON],almighty
[INGR]が使われている[AREA]で[SZN]に食べられている[PRON],almighty
[INGR]を使った[AREA]か[AREA]で食べられる[SZN]の[PRON],almighty
[INGR]を使用した、[AREA]で食べられる[SZN]か[SZN]の[PRON],almighty
[INGR]か[INGR]が使われている[AREA]で食べられる[SZN]の[PRON],almighty
[INGR]を使った[AREA]で食べられている、[SZN]の[PRON],almighty
[INGR]を使用した[AREA]または[AREA]で食べられている[SZN]の[PRON],almighty
[INGR]が使われている[AREA]で食べられている、[SZN]の[PRON],almighty
[INGR]、あるいは、[INGR]を使った[SZN]の、[AREA]の[PRON],almighty
[INGR]を使用した[SZN]か[SZN]の[AREA]の[PRON],almighty
[INGR]が使われている[SZN]の、[AREA]の[PRON],almighty
[INGR]または[INGR]を使った[SZN]の、[AREA]で食べられる[PRON],almighty
[INGR]、あるいは、[INGR]を使用した[SZN]の[AREA]で食べられる[PRON],almighty
[INGR]あるいは[INGR]が使われている[SZN]の[AREA]で食べられる[PRON],almighty
[INGR]、と、[INGR]を使った[SZN]の[AREA]で食べられている[PRON],almighty
[INGR]あるいは、[INGR]を使用した[SZN]の[AREA]で食べられている[PRON],almighty
[INGR]が使われている[SZN]の[AREA]で食べられている、[PRON],almighty
[INGR]を使った[SZN]に[AREA]で食べられる[PRON],almighty
[INGR]を使用した、[SZN]または、[SZN]に[AREA]で食べられる[PRON],almighty
[INGR]あるいは[INGR]が使われている[SZN]に[AREA]で食べられる[PRON],almighty
[INGR]を使った、[SZN]に[AREA]で食べられている[PRON],almighty
[INGR]を使用した[SZN]あるいは、[SZN]に[AREA]で食べられている[PRON],almighty
[INGR]が使われている[SZN]あるいは[SZN]に[AREA]で食べられている、[PRON],almighty
[INGR]、か、[INGR]を使った[SZN]に食べられる、[AREA]の[PRON],almighty
[INGR]を使用した、[SZN]に食べられる[AREA]の[PRON],almighty
[INGR]が使われている[SZN]に食べられる、[AREA]と、[AREA]の[PRON],almighty
[INGR]を使った[SZN]に食べられている[AREA]の[PRON],almighty
[INGR]を使用した[SZN]に食べられている、[AREA]あるいは[AREA]の[PRON],almighty
[INGR]または[INGR]が使われている[SZN]に食べられている[AREA]の[PRON],almighty
[TYPE]で[SZN]の[INGR]を使った[PRON],almighty
[TYPE]で、[SZN]の[INGR]を使用した[PRON],almighty
[TYPE]で[SZN]、か[SZN]の[INGR]が使われている[PRON],almighty
[TYPE]で[SZN]、か、[SZN]に食べられる[INGR]を使った[PRON],almighty
[TYPE]で[SZN]に食べられる[INGR]を使用した[PRON],almighty
[TYPE]または、[TYPE]で[SZN]に食べられる[INGR]が使われている[PRON],almighty
[TYPE]で[SZN]に食べられている[INGR]と[INGR]を使った[PRON],almighty
[TYPE]で、[SZN]、と、[SZN]に食べられている[INGR]を使用した[PRON],almighty
[TYPE]、あるいは、[TYPE]で[SZN]に食べられている[INGR]が使われている[PRON],almighty
[TYPE]に[SZN]の[INGR]、あるいは[INGR]を使った[PRON],minor
[TYPE]あるいは[TYPE]に[SZN]の[INGR]を使用した[PRON],minor
[TYPE]か、[TYPE]に[SZN]の、[INGR]が使われている[PRON],minor
[TYPE]で[INGR]あるいは[INGR]を使った[SZN]の[PRON],almighty
[TYPE]で[INGR]、と[INGR]を使用した[SZN]の[PRON],almighty
[TYPE]、か[TYPE]で[INGR]が使われている[SZN]の、[PRON],almighty
[TYPE]で[INGR]を使った[SZN]に食べられる[PRON],almighty
[TYPE]で[INGR]を使用した[SZN]に食べられる[PRON],almighty
[TYPE]で[INGR]が使われている[SZN]、または[SZN]に食べられる[PRON],almighty
[TYPE]で[INGR]を使った、[SZN]に食べられている[PRON],almighty
[TYPE]で[INGR]を使用した[SZN]に食べられている[PRON],almighty
[TYPE]で[INGR]、または[INGR]が使われている[SZN]に食べられている[PRON],almighty
[TYPE]に[INGR]を使った[SZN]の[PRON],minor
[TYPE]に[INGR]を使用した、[SZN]の[PRON],minor
[TYPE]に[INGR]が使われている[SZN]または[SZN]の[PRON],minor
[SZN]か[SZN]の[TYPE]で、[INGR]を使った[PRON],almighty
[SZN]、または、[SZN]の[TYPE]で、[INGR]を使用した[PRON],almighty
[SZN]、あるいは、[SZN]の[TYPE]で、[INGR]が使われている[PRON],almighty
[SZN]の[TYPE]または[TYPE]に[INGR]を使った、[PRON],minor
[SZN]の、[TYPE]に[INGR]を使用した[PRON],minor
[SZN]の[TYPE]に[INGR]、または、[INGR]が使われている[PRON],minor
[SZN]に食べられる[TYPE]で、[INGR]を使った[PRON],almighty
[SZN]に食べられる、[TYPE]あるいは[TYPE]で[INGR]を使用した[PRON],almighty
[SZN]、または[SZN]に食べられる、[TYPE]で[INGR]が使われている[PRON],almighty
[SZN]に食べられている[TYPE]で[INGR]を使った[PRON],almighty
[SZN]に食べられている[TYPE]で[INGR]を使用した[PRON],almighty
[SZN]に食べられている[TYPE]で、[INGR]が使われている[PRON],almighty
[SZN]の[INGR]を使った[TYPE],almighty
[SZN]の[INGR]か[INGR]を使用した[TYPE],almighty
[SZN]の[INGR]が使われている[TYPE],almighty
[SZN]に食べられる[INGR]を使った[TYPE],almighty
[SZN]か[SZN]に食べられる[INGR]を使用した[TYPE],almighty
[SZN]に食べられる[INGR]が使われている、[TYPE],almighty
[SZN]に食べられている[INGR]を使った[TYPE],almighty
[SZN]に食べられている[INGR]を使用した[TYPE]か[TYPE],almighty
[SZN]あるいは[SZN]に食べられている[INGR]が使われている[TYPE],almighty
[INGR]か[INGR]を使った[TYPE]で[SZN]の、[PRON],almighty
[INGR]を使用した[TYPE]で[SZN]の[PRON],almighty
[INGR]と、[INGR]が使われている[TYPE]で[SZN]の[PRON],almighty
[INGR]を使った[TYPE]で、[SZN]に食べられる[PRON],almighty
[INGR]を使用した[TYPE]、あるいは、[TYPE]で[SZN]に食べられる[PRON],almighty
[INGR]が使われている[TYPE]で[SZN]に食べられる、[PRON],almighty
[INGR]を使った、[TYPE]か[TYPE]で[SZN]に食べられている[PRON],almighty
[INGR]を使用した[TYPE]で[SZN]、あるいは、[SZN]に食べられている[PRON],almighty
[INGR]が使われている[TYPE]か、[TYPE]で[SZN]に食べられている[PRON],almighty
[INGR]、か、[INGR]を使った[TYPE]に[SZN]の、[PRON],minor
[INGR]あるいは[INGR]を使用した、[TYPE]に[SZN]の[PRON],minor
[INGR]が使われている[TYPE]に[SZN]の[PRON],minor
[INGR]を使った[SZN]の[TYPE],almighty
[INGR]と、[INGR]を使用した、[SZN]の[TYPE],almighty
[INGR]が使われている、[SZN]、あるいは、[SZN]の[TYPE],almighty
[INGR]を使った、[SZN]か[SZN]に食べられる[TYPE],almighty
[INGR]を使用した[SZN]に食べられる、[TYPE]または[TYPE],almighty
[INGR]が使われている[SZN]に食べられる、[TYPE],almighty
[INGR]を使った[SZN]に食べられている[TYPE]と[TYPE],almighty
[INGR]または、[INGR]を使用した[SZN]に食べられている、[TYPE],almighty
[INGR]が使われている[SZN]に食べられている[TYPE]と、[TYPE],almighty
[AREA]の[TYPE]で[SZN]あるいは、[SZN]の[INGR]を使った[PRON],almighty
[AREA]の[TYPE]で[SZN]の[INGR]を使用した[PRON],almighty
[AREA]の[TYPE]で[SZN]の[INGR]が使われている[PRON],almighty
[AREA]か[AREA]の、[TYPE]で[SZN]に食べられる[INGR]を使った[PRON],almighty
[AREA]または、[AREA]の[TYPE]で[SZN]に食べられる[INGR]を使用した[PRON],almighty
[AREA]あるいは[AREA]の[TYPE]で[SZN]に食べられる[INGR]が使われている[PRON],almighty
[AREA]の[TYPE]または[TYPE]で[SZN]に食べられている、[INGR]を使った[PRON],almighty
[AREA]の[TYPE]で[SZN]に食べられている[INGR]を使用した[PRON],almighty
[AREA]の[TYPE]で、[SZN]に食べられている[INGR]が使われている[PRON],almighty
[AREA]の[TYPE]に[SZN]の、[INGR]を使った[PRON],minor
[AREA]の[TYPE]あるいは[TYPE]に[SZN]の、[INGR]を使用した[PRON],minor
[AREA]あるいは[AREA]の[TYPE]に[SZN]の[INGR]が使われている[PRON],minor
[AREA]で[TYPE]で[SZN]、か、[SZN]の、[INGR]を使った[PRON],almighty
[AREA]で、[TYPE]か[TYPE]で[SZN]の[INGR]を使用した[PRON],almighty
[AREA]で[TYPE]、か[TYPE]で[SZN]の[INGR]が使われている、[PRON],almighty
[AREA]、と[AREA]で[TYPE]で[SZN]に食べられる[INGR]を使った[PRON],almighty
[AREA]、あるいは[AREA]で[TYPE]で、[SZN]に食べられる[INGR]を使用した[PRON],almighty
[AREA]と、[AREA]で[TYPE]で[SZN]に食べられる[INGR]が使われている[PRON],almighty
[AREA]で、[TYPE]または[TYPE]で[SZN]に食べられている[INGR]を使った[PRON],almighty
[AREA]で、[TYPE]で[SZN]、か[SZN]に食べられている[INGR]を使用した[PRON],almighty
[AREA]で[TYPE]か[TYPE]で[SZN]に食べられている、[INGR]が使われている[PRON],almighty
[AREA]と[AREA]で[TYPE]に[SZN]の[INGR]を使った[PRON],almighty
[AREA]で[TYPE]または[TYPE]に[SZN]の[INGR]を使用した、[PRON],almighty
[AREA]で[TYPE]に[SZN]の[INGR]が使われている[PRON],almighty
[AREA]で食べられる、[TYPE]で[SZN]の[INGR]あるいは[INGR]を使った[PRON],almighty
[AREA]で食べられる、[TYPE]または[TYPE]で[SZN]の[INGR]を使用した[PRON],almighty
[AREA]で食べられる、[TYPE]で[SZN]の[INGR]が使われている[PRON],almighty
[AREA]または、[AREA]で食べられている[TYPE]で[SZN]の[INGR]を使った、[PRON],almighty
[AREA]で食べられている[TYPE]で[SZN]の[INGR]を使用した[PRON],almighty
[AREA]と[AREA]で食べられている[TYPE]で[SZN]の、[INGR]が使われている[PRON],almighty
[AREA]で食べられる[TYPE]に[SZN]の[INGR]あるいは[INGR]を使った[PRON],minor
[AREA]あるいは、[AREA]で食べられる[TYPE]に、[SZN]の[INGR]を使用した[PRON],minor
[AREA]で食べられる[TYPE]に、[SZN]と[SZN]の[INGR]が使われている[PRON],minor
[AREA]で食べられている[TYPE]に、[SZN]の[INGR]を使った[PRON],minor
[AREA]または[AREA]で食べられている、[TYPE]に[SZN]の[INGR]を使用した[PRON],minor
[AREA]で食べられている、[TYPE]に[SZN]の[INGR]が使われている[PRON],minor
[AREA]に[TYPE]、か、[TYPE]で[SZN]の[INGR]を使った[PRON],minor
[AREA]に[TYPE]で、[SZN]、と[SZN]の[INGR]を使用した[PRON],minor
[AREA]と[AREA]に[TYPE]で[SZN]の[INGR]が使われている[PRON],minor
[AREA]の[TYPE]で[INGR]を使った[SZN]または、[SZN]の[PRON],almighty
[AREA]と[AREA]の[TYPE]で、[INGR]を使用した[SZN]の[PRON],almighty
[AREA]の、[TYPE]で[INGR]が使われている[SZN]の[PRON],almighty
[AREA]または[AREA]の[TYPE]で、[INGR]を使った[SZN]に食べられる[PRON],almighty
[AREA]の[TYPE]で[INGR]を使用した[SZN]に食べられる[PRON],almighty
[AREA]の、[TYPE]または[TYPE]で[INGR]が使われている[SZN]に食べられる[PRON],almighty
[AREA]の[TYPE]で、[INGR]を使った[SZN]に食べられている[PRON],almighty
[AREA]の[TYPE]で[INGR]、または[INGR]を使用した[SZN]に食べられている[PRON],almighty
[AREA]の[TYPE]で[INGR]と[INGR]が使われている[SZN]に食べられている[PRON],almighty
[AREA]の[TYPE]または、[TYPE]に[INGR]を使った[SZN]の、[PRON],minor
[AREA]の[TYPE]に[INGR]か、[INGR]を使用した[SZN]の[PRON],minor
[AREA]あるいは[AREA]の[TYPE]に、[INGR]が使われている[SZN]の[PRON],minor
[AREA]で[TYPE]で[INGR]か[INGR]を使った[SZN]の[PRON],almighty
[AREA]で[TYPE]か[TYPE]で[INGR]を使用した[SZN]の[PRON],almighty
[AREA]で[TYPE]で、[INGR]あるいは[INGR]が使われている[SZN]の[PRON],almighty
[AREA]か、[AREA]で[TYPE]で[INGR]を使った、[SZN]に食べられる[PRON],almighty
[AREA]で、[TYPE]か[TYPE]で[INGR]を使用した[SZN]に食べられる[PRON],almighty
[AREA]で[TYPE]で[INGR]と、[INGR]が使われている[SZN]に食べられる[PRON],almighty
[AREA]で[TYPE]で[INGR]、あるいは[INGR]を使った、[SZN]に食べられている[PRON],almighty
[AREA]で[TYPE]で[INGR]を使用した[SZN]に食べられている[PRON],almighty
[AREA]で[TYPE]で[INGR]が使われている、[SZN]に食べられている[PRON],almighty
[AREA]で[TYPE]に[INGR]を使った、[SZN]の[PRON],almighty
[AREA]で[TYPE]に[INGR]を使用した[SZN]の、[PRON],almighty
[AREA]、か[AREA]で[TYPE]に[INGR]が使われている[SZN]の[PRON],almighty
[AREA]で食べられる[TYPE]で[INGR]か、[INGR]を使った[SZN]の[PRON],almighty
[AREA]か[AREA]で食べられる[TYPE]で[INGR]を使用した[SZN]の[PRON],almighty
[AREA]か[AREA]で食べられる[TYPE]で[INGR]が使われている[SZN]の[PRON],almighty
[AREA]で食べられている[TYPE]で[INGR]を使った[SZN]の、[PRON],almighty
[AREA]で食べられている、[TYPE]で[INGR]を使用した[SZN]の[PRON],almighty
[AREA]、か[AREA]で食べられている[TYPE]で、[INGR]が使われている[SZN]の[PRON],almighty
[AREA]で食べられる[TYPE]、または[TYPE]に[INGR]を使った[SZN]の[PRON],minor
[AREA]で食べられる、[TYPE]と[TYPE]に[INGR]を使用した[SZN]の[PRON],minor
[AREA]で食べられる[TYPE]、または、[TYPE]に[INGR]が使われている[SZN]の[PRON],minor
[AREA]で食べられている[TYPE]に[INGR]を使った[SZN]の[PRON],minor
[AREA]で食べられている[TYPE]に[INGR]を使用した[SZN]の[PRON],minor
[AREA]あるいは[AREA]で食べられている、[TYPE]に[INGR]が使われている[SZN]の[PRON],minor
[AREA]に[TYPE]で[INGR]を使った、[SZN]の[PRON],minor
[AREA]に、[TYPE]で[INGR]または[INGR]を使用した[SZN]の[PRON],minor
[AREA]に、[TYPE]、または、[TYPE]で[INGR]が使われている[SZN]の[PRON],minor
[AREA]の[SZN]、と[SZN]の[TYPE]で、[INGR]を使った[PRON],almighty
[AREA]の[SZN]の[TYPE]で、[INGR]を使用した[PRON],almighty
[AREA]、あるいは[AREA]の[SZN]の[TYPE]で[INGR]が使われている[PRON],almighty
[AREA]か[AREA]の[SZN]の[TYPE]に[INGR]を使った[PRON],minor
[AREA]、と、[AREA]の、[SZN]の[TYPE]に[INGR]を使用した[PRON],minor
[AREA]の[SZN]の[TYPE]に[INGR]または、[INGR]が使われている[PRON],minor
[AREA]の、[SZN]に食べられる[TYPE]で[INGR]を使った[PRON],almighty
[AREA]の[SZN]に食べられる[TYPE]、または[TYPE]で、[INGR]を使用した[PRON],almighty
[AREA]の、[SZN]に食べられる[TYPE]で[INGR]か、[INGR]が使われている[PRON],almighty
[AREA]の[SZN]に食べられている、[TYPE]で[INGR]を使った[PRON],almighty
[AREA]の[SZN]、あるいは、[SZN]に食べられている、[TYPE]で[INGR]を使用した[PRON],almighty
[AREA]の[SZN]、と[SZN]に食べられている[TYPE]で[INGR]が使われている[PRON],almighty
[AREA]で[SZN]の[TYPE]に[INGR]を使った[PRON],almighty
[AREA]で[SZN]と[SZN]の[TYPE]に[INGR]を使用した[PRON],almighty
[AREA]あるいは、[AREA]で[SZN]の[TYPE]に[INGR]が使われている[PRON],almighty
[AREA]で[SZN]に食べられる[TYPE]で[INGR]を使った、[PRON],almighty
[AREA]で[SZN]あるいは[SZN]に食べられる[TYPE]で[INGR]を使用した[PRON],almighty
[AREA]あるいは、[AREA]で[SZN]に食べられる[TYPE]で[INGR]が使われている[PRON],almighty
[AREA]で、[SZN]に食べられている[TYPE]で[INGR]と[INGR]を使った[PRON],almighty
[AREA]で、[SZN]に食べられている[TYPE]で[INGR]を使用した[PRON],almighty
[AREA]で[SZN]、あるいは[SZN]に食べられている[TYPE]で[INGR]が使われている、[PRON],almighty
[AREA]で食べられる[SZN]の[TYPE]、または、[TYPE]で[INGR]を使った[PRON],almighty
[AREA]または[AREA]で食べられる[SZN]の[TYPE]で[INGR]を使用した[PRON],almighty
[AREA]で食べられる[SZN]か[SZN]の[TYPE]で[INGR]が使われている[PRON],almighty
[AREA]、か[AREA]で食べられている[SZN]の[TYPE]で[INGR]を使った[PRON],almighty
[AREA]で食べられている[SZN]か[SZN]の[TYPE]で[INGR]を使用した[PRON],almighty
[AREA]で食べられている[SZN]の[TYPE]で[INGR]が使われている[PRON],almighty
[AREA]または[AREA]で食べられる、[SZN]の[TYPE]に[INGR]を使った[PRON],minor
[AREA]で食べられる[SZN]の[TYPE]に[INGR]を使用した[PRON],minor
[AREA]と、[AREA]で食べられる、[SZN]の[TYPE]に[INGR]が使われている[PRON],minor
[AREA]で食べられている[SZN]の[TYPE]に[INGR]と[INGR]を使った[PRON],minor
[AREA]と、[AREA]で食べられている、[SZN]の[TYPE]に[INGR]を使用した[PRON],minor
[AREA]で食べられている[SZN]の[TYPE]に[INGR]が使われている[PRON],minor
[AREA]に[SZN]または[SZN]の[TYPE]で[INGR]を使った[PRON],minor
[AREA]に[SZN]の[TYPE]で[INGR]を使用した[PRON],minor
[AREA]に[SZN]と[SZN]の[TYPE]で[INGR]が使われている、[PRON],minor
[AREA]の[SZN]の[INGR]を使った[TYPE],almighty
[AREA]、か、[AREA]の[SZN]の[INGR]を使用した[TYPE],almighty
[AREA]の[SZN]の[INGR]が使われている[TYPE],almighty
[AREA]の、[SZN]に食べられる[INGR]を使った[TYPE],almighty
[AREA]の[SZN]に食べられる[INGR]を使用した[TYPE],almighty
[AREA]の[SZN]に食べられる[INGR]が使われている[TYPE],almighty
[AREA]と[AREA]の[SZN]に食べられている、[INGR]を使った[TYPE],almighty
[AREA]あるいは[AREA]の、[SZN]に食べられている[INGR]を使用した[TYPE],almighty
[AREA]の[SZN]に食べられている[INGR]が使われている、[TYPE],almighty
[AREA]で[SZN]と[SZN]に食べられる、[INGR]を使った[TYPE],almighty
[AREA]で[SZN]または、[SZN]に食べられる、[INGR]を使用した[TYPE],almighty
[AREA]で[SZN]に食べられる[INGR]あるいは[INGR]が使われている、[TYPE],almighty
[AREA]か[AREA]で[SZN]に食べられている[INGR]を使った[TYPE],almighty
[AREA]で[SZN]と[SZN]に食べられている[INGR]を使用した[TYPE],almighty
[AREA]あるいは[AREA]で[SZN]に食べられている[INGR]が使われている[TYPE],almighty
[AREA]または[AREA]で食べられる[SZN]の、[INGR]を使った[TYPE],almighty
[AREA]で食べられる[SZN]、あるいは、[SZN]の[INGR]を使用した[TYPE],almighty
[AREA]で食べられる、[SZN]の[INGR]が使われている[TYPE]か、[TYPE],almighty
[AREA]で食べられている、[SZN]、と、[SZN]の[INGR]を使った[TYPE],almighty
[AREA]で食べられている[SZN]と[SZN]の[INGR]を使用した[TYPE],almighty
[AREA]で食べられている、[SZN]の[INGR]が使われている[TYPE],almighty
[AREA]に[SZN]の、[INGR]を使った[TYPE],almighty
[AREA]と[AREA]に[SZN]の[INGR]を使用した[TYPE],almighty
[AREA]に[SZN]の[INGR]が使われている[TYPE],almighty
[AREA]の[INGR]を使った[TYPE]で[SZN]の、[PRON],almighty
[AREA]と[AREA]の[INGR]を使用した、[TYPE]で[SZN]の[PRON],almighty
[AREA]と[AREA]の[INGR]が使われている、[TYPE]で[SZN]の[PRON],almighty
[AREA]の、[INGR]または、[INGR]を使った[TYPE]で[SZN]に食べられる[PRON],almighty
[AREA]の、[INGR]を使用した[TYPE]で[SZN]に食べられる[PRON],almighty
[AREA]の[INGR]が使われている[TYPE]か[TYPE]で、[SZN]に食べられる[PRON],almighty
[AREA]の、[INGR]を使った[TYPE]で[SZN]に食べられている[PRON],almighty
[AREA]の、[INGR]、あるいは、[INGR]を使用した[TYPE]で[SZN]に食べられている[PRON],almighty
[AREA]の[INGR]が使われている[TYPE]か[TYPE]で[SZN]に食べられている[PRON],almighty
[AREA]の、[INGR]あるいは[INGR]を使った[TYPE]に[SZN]の[PRON],minor
[AREA]の[INGR]を使用した[TYPE]に[SZN]の[PRON],minor
[AREA]の[INGR]が使われている[TYPE]、または[TYPE]に[SZN]の[PRON],minor
[AREA]または[AREA]で食べられる[INGR]を使った[TYPE]で[SZN]の[PRON],almighty
[AREA]で食べられる[INGR]を使用した[TYPE]で[SZN]、と[SZN]の[PRON],almighty
[AREA]、あるいは、[AREA]で食べられる[INGR]が使われている[TYPE]で[SZN]の[PRON],almighty
[AREA]で食べられている[INGR]を使った[TYPE]あるいは[TYPE]で[SZN]の[PRON],almighty
[AREA]で食べられている[INGR]を使用した[TYPE]、あるいは[TYPE]で[SZN]の、[PRON],almighty
[AREA]で食べられている[INGR]が使われている[TYPE]で[SZN]の[PRON],almighty
[AREA]で食べられる[INGR]を使った[TYPE]に[SZN]の[PRON],minor
[AREA]で食べられる[INGR]または[INGR]を使用した[TYPE]に[SZN]の、[PRON],minor
[AREA]か[AREA]で食べられる[INGR]が使われている[TYPE]に[SZN]の[PRON],minor
[AREA]と[AREA]で食べられている[INGR]を使った[TYPE]に[SZN]の[PRON],minor
[AREA]、あるいは[AREA]で食べられている[INGR]を使用した[TYPE]に[SZN]の[PRON],minor
[AREA]で食べられている[INGR]が使われている[TYPE]に、[SZN]の[PRON],minor
[AREA]に[INGR]を使った、[TYPE]で[SZN]の[PRON],minor
[AREA]か、[AREA]に[INGR]を使用した[TYPE]で[SZN]の[PRON],minor
[AREA]に[INGR]が使われている[TYPE]で[SZN]あるいは[SZN]の[PRON],minor
[AREA]の[INGR]を使った[SZN]の、[TYPE],almighty
[AREA]の[INGR]を使用した[SZN]または[SZN]の[TYPE],almighty
[AREA]の[INGR]が使われている、[SZN]または[SZN]の[TYPE],almighty
[AREA]の[INGR]を使った[SZN]に食べられる[TYPE],almighty
[AREA]、と[AREA]の[INGR]を使用した[SZN]に食べられる[TYPE],almighty
[AREA]の、[INGR]か[INGR]が使われている[SZN]に食べられる[TYPE],almighty
[AREA]または、[AREA]の[INGR]を使った、[SZN]に食べられている[TYPE],almighty
[AREA]の[INGR]を使用した[SZN]に食べられている[TYPE]あるいは、[TYPE],almighty
[AREA]の[INGR]が使われている[SZN]に食べられている[TYPE],almighty
[AREA]または、[AREA]で食べられる[INGR]を使った[SZN]の[TYPE],almighty
[AREA]または[AREA]で食べられる[INGR]を使用した[SZN]の[TYPE],almighty
[AREA]で食べられる[INGR]が使われている[SZN]と、[SZN]の[TYPE],almighty
[AREA]で食べられている、[INGR]を使った[SZN]の[TYPE],almighty
[AREA]で食べられている、[INGR]を使用した[SZN]の[TYPE],almighty
[AREA]または[AREA]で食べられている、[INGR]が使われている[SZN]の[TYPE],almighty
[AREA]に[INGR]を使った[SZN]の[TYPE]または[TYPE],minor
[AREA]、あるいは[AREA]に[INGR]を使用した[SZN]の[TYPE],minor
[AREA]に[INGR]あるいは[INGR]が使われている[SZN]の[TYPE],minor
[TYPE]で[AREA]の[SZN]の、[INGR]を使った[PRON],almighty
[TYPE]で[AREA]の[SZN]の[INGR]を使用した[PRON],almighty
[TYPE]で[AREA]の[SZN]、か、[SZN]の[INGR]が使われている[PRON],almighty
[TYPE]と[TYPE]で、[AREA]の[SZN]に食べられる[INGR]を使った[PRON],almighty
[TYPE]で[AREA]あるいは[AREA]の[SZN]に食べられる[INGR]を使用した[PRON],almighty
[TYPE]で[AREA]の[SZN]と、[SZN]に食べられる、[INGR]が使われている[PRON],almighty
[TYPE]で[AREA]の、[SZN]に食べられている[INGR]を使った[PRON],almighty
[TYPE]と[TYPE]で[AREA]の[SZN]に食べられている[INGR]を使用した、[PRON],almighty
[TYPE]で[AREA]または[AREA]の[SZN]に食べられている、[INGR]が使われている[PRON],almighty
[TYPE]か[TYPE]で[AREA]で[SZN]に食べられる[INGR]を使った[PRON],almighty
[TYPE]で、[AREA]で[SZN]に食べられる[INGR]を使用した[PRON],almighty
[TYPE]で、[AREA]で[SZN]に食べられる[INGR]が使われている[PRON],almighty
[TYPE]と[TYPE]で[AREA]で[SZN]に食べられている[INGR]を使った[PRON],almighty
[TYPE]または、[TYPE]で[AREA]で[SZN]に食べられている、[INGR]を使用した[PRON],almighty
[TYPE]または、[TYPE]で[AREA]で[SZN]に食べられている、[INGR]が使われている[PRON],almighty
[TYPE]で、[AREA]で食べられる[SZN]の[INGR]を使った[PRON],almighty
[TYPE]と、[TYPE]で[AREA]で食べられる[SZN]の[INGR]を使用した[PRON],almighty
[TYPE]または[TYPE]で[AREA]で食べられる[SZN]の[INGR]が使われている[PRON],almighty
[TYPE]で[AREA]で食べられている[SZN]の[INGR]を使った[PRON],almighty
[TYPE]か[TYPE]で[AREA]で食べられている[SZN]の、[INGR]を使用した[PRON],almighty
[TYPE]で[AREA]で食べられている[SZN]の[INGR]が使われている[PRON],almighty
[TYPE]で[AREA]または[AREA]に、[SZN]の[INGR]を使った[PRON],minor
[TYPE]で、[AREA]に[SZN]の[INGR]と[INGR]を使用した[PRON],minor
[TYPE]で[AREA]と[AREA]に[SZN]の[INGR]が使われている[PRON],minor
[TYPE]に[AREA]または、[AREA]の[SZN]の[INGR]を使った[PRON],minor
[TYPE]に[AREA]か[AREA]の、[SZN]の[INGR]を使用した[PRON],minor
[TYPE]に[AREA]の[SZN]か[SZN]の、[INGR]が使われている[PRON],minor
[TYPE]または、[TYPE]に[AREA]で食べられる[SZN]の[INGR]を使った[PRON],minor
[TYPE]に[AREA]で食べられる[SZN]または、[SZN]の[INGR]を使用した[PRON],minor
[TYPE]に[AREA]で食べられる[SZN]の[INGR]が使われている[PRON],minor
[TYPE]に[AREA]で食べられている[SZN]、あるいは、[SZN]の、[INGR]を使った[PRON],minor
[TYPE]に[AREA]か、[AREA]で食べられている[SZN]の[INGR]を使用した[PRON],minor
[TYPE]と[TYPE]に[AREA]で食べられている[SZN]の、[INGR]が使われている[PRON],minor
[TYPE]で[AREA]の[INGR]を使った、[SZN]の[PRON],almighty
[TYPE]で[AREA]と[AREA]の[INGR]を使用した、[SZN]の[PRON],almighty
[TYPE]か[TYPE]で、[AREA]の[INGR]が使われている[SZN]の[PRON],almighty
[TYPE]で[AREA]の[INGR]を使った[SZN]あるいは[SZN]に食べられる[PRON],almighty
[TYPE]で、[AREA]の[INGR]を使用した[SZN]に食べられる[PRON],almighty
[TYPE]で、[AREA]の[INGR]が使われている[SZN]に食べられる[PRON],almighty
[TYPE]か[TYPE]で[AREA]の[INGR]を使った[SZN]に食べられている[PRON],almighty
[TYPE]と[TYPE]で[AREA]の[INGR]を使用した[SZN]に食べられている[PRON],almighty
[TYPE]で[AREA]の[INGR]が使われている、[SZN]あるいは[SZN]に食べられている[PRON],almighty
[TYPE]で[AREA]あるいは[AREA]で食べられる、[INGR]を使った[SZN]の[PRON],almighty
[TYPE]で[AREA]か、[AREA]で食べられる[INGR]を使用した[SZN]の[PRON],almighty
[TYPE]で[AREA]で食べられる[INGR]が使われている、[SZN]と[SZN]の[PRON],almighty
[TYPE]か[TYPE]で、[AREA]で食べられている[INGR]を使った[SZN]の[PRON],almighty
[TYPE]で[AREA]で食べられている[INGR]を使用した、[SZN]の[PRON],almighty
[TYPE]で[AREA]で食べられている[INGR]が使われている[SZN]の[PRON],almighty
[TYPE]で[AREA]に[INGR]を使った[SZN]の[PRON],minor
[TYPE]あるいは[TYPE]で[AREA]に[INGR]を使用した[SZN]の、[PRON],minor
[TYPE]で[AREA]に[INGR]が使われている[SZN]の、[PRON],minor
[TYPE]に[AREA]の[INGR]を使った、[SZN]の[PRON],minor
[TYPE]に[AREA]か[AREA]の[INGR]を使用した[SZN]の[PRON],minor
[TYPE]に[AREA]か[AREA]の[INGR]が使われている[SZN]の[PRON],minor
[TYPE]または[TYPE]に[AREA]で食べられる[INGR]を使った[SZN]の[PRON],minor
[TYPE]に[AREA]と[AREA]で食べられる[INGR]を使用した[SZN]の[PRON],minor
[TYPE]に[AREA]か[AREA]で食べられる[INGR]が使われている[SZN]の[PRON],minor
[TYPE]と[TYPE]に[AREA]で食べられている、[INGR]を使った[SZN]の[PRON],minor
[TYPE]に[AREA]で食べられている[INGR]を使用した、[SZN]の[PRON],minor
[TYPE]または[TYPE]に[AREA]で食べられている[INGR]が使われている[SZN]の[PRON],minor
[TYPE]、と、[TYPE]で[SZN]の[AREA]の[INGR]を使った、[PRON],almighty
[TYPE]で[SZN]の[AREA]の[INGR]を使用した[PRON],almighty
[TYPE]で[SZN]の[AREA]、または、[AREA]の[INGR]が使われている[PRON],almighty
[TYPE]で[SZN]の[AREA]か[AREA]で食べられる[INGR]を使った[PRON],almighty
[TYPE]と、[TYPE]で[SZN]の[AREA]で食べられる[INGR]を使用した[PRON],almighty
[TYPE]で、[SZN]の[AREA]と[AREA]で食べられる[INGR]が使われている[PRON],almighty
[TYPE]で[SZN]の[AREA]、または、[AREA]で食べられている[INGR]を使った[PRON],almighty
[TYPE]で[SZN]の、[AREA]で食べられている[INGR]、または、[INGR]を使用した[PRON],almighty
[TYPE]で[SZN]の、[AREA]で食べられている[INGR]が使われている[PRON],almighty
[TYPE]、と、[TYPE]で、[SZN]に[AREA]で食べられる[INGR]を使った[PRON],almighty
[TYPE]で[SZN]に[AREA]で食べられる[INGR]を使用した[PRON],almighty
[TYPE]で[SZN]か[SZN]に[AREA]で食べられる[INGR]が使われている[PRON],almighty
[TYPE]で[SZN]に[AREA]か[AREA]で食べられている[INGR]を使った[PRON],almighty
[TYPE]で、[SZN]または[SZN]に[AREA]で食べられている[INGR]を使用した[PRON],almighty
[TYPE]で[SZN]または[SZN]に[AREA]で食べられている[INGR]が使われている[PRON],almighty
[TYPE]で[SZN]に食べられる[AREA]の[INGR]、と、[INGR]を使った[PRON],almighty
[TYPE]で[SZN]に食べられる[AREA]の[INGR]を使用した[PRON],almighty
[TYPE]で[SZN]に食べられる[AREA]の[INGR]が使われている、[PRON],almighty
[TYPE]で[SZN]に食べられている[AREA]または、[AREA]の[INGR]を使った[PRON],almighty
[TYPE]で[SZN]に食べられている[AREA]の[INGR]を使用した[PRON],almighty
[TYPE]か[TYPE]で[SZN]に食べられている[AREA]の[INGR]が使われている、[PRON],almighty
[TYPE]、と[TYPE]に[SZN]の[AREA]の、[INGR]を使った[PRON],minor
[TYPE]に[SZN]の[AREA]の、[INGR]、か[INGR]を使用した[PRON],minor
[TYPE]に[SZN]、か[SZN]の[AREA]の[INGR]が使われている[PRON],minor
[TYPE]に[SZN]の[AREA]で食べられる[INGR]を使った[PRON],minor
[TYPE]に[SZN]の[AREA]で食べられる、[INGR]を使用した[PRON],minor
[TYPE]に[SZN]の[AREA]で食べられる[INGR]が使われている[PRON],minor
[TYPE]に[SZN]の[AREA]で食べられている、[INGR]を使った[PRON],minor
[TYPE]に、[SZN]の[AREA]で食べられている[INGR]あるいは[INGR]を使用した[PRON],minor
[TYPE]に[SZN]の[AREA]あるいは[AREA]で食べられている[INGR]が使われている、[PRON],minor
[TYPE]で[SZN]の、[INGR]を使った[AREA]の[PRON],almighty
[TYPE]で[SZN]と、[SZN]の[INGR]を使用した[AREA]の[PRON],almighty
[TYPE]で[SZN]と、[SZN]の[INGR]が使われている[AREA]の[PRON],almighty
[TYPE]で[SZN]の、[INGR]あるいは[INGR]を使った[AREA]で食べられる[PRON],almighty
[TYPE]で[SZN]の、[INGR]を使用した[AREA]で食べられる[PRON],almighty
[TYPE]で[SZN]の[INGR]、あるいは[INGR]が使われている[AREA]で食べられる[PRON],almighty
[TYPE]で[SZN]の、[INGR]を使った[AREA]、か、[AREA]で食べられている[PRON],almighty
[TYPE]で[SZN]か[SZN]の[INGR]を使用した[AREA]で食べられている、[PRON],almighty
[TYPE]と、[TYPE]で[SZN]の[INGR]が使われている[AREA]で食べられている[PRON],almighty
[TYPE]で[SZN]に食べられる、[INGR]と、[INGR]を使った[AREA]の[PRON],almighty
[TYPE]で[SZN]に食べられる、[INGR]を使用した[AREA]と[AREA]の[PRON],almighty
[TYPE]で[SZN]、あるいは[SZN]に食べられる[INGR]が使われている、[AREA]の[PRON],almighty
[TYPE]か[TYPE]で[SZN]に食べられている[INGR]を使った[AREA]の[PRON],almighty
[TYPE]または[TYPE]で[SZN]に食べられている、[INGR]を使用した[AREA]の[PRON],almighty
[TYPE]で[SZN]に食べられている、[INGR]と[INGR]が使われている[AREA]の[PRON],almighty
[TYPE]、または、[TYPE]に[SZN]の[INGR]を使った[AREA]の、[PRON],minor
[TYPE]、か、[TYPE]に[SZN]の[INGR]を使用した[AREA]の[PRON],minor
[TYPE]に[SZN]の[INGR]が使われている[AREA]の[PRON],minor
[TYPE]に[SZN]の[INGR]あるいは[INGR]を使った[AREA]で食べられる、[PRON],minor
[TYPE]に、[SZN]の[INGR]を使用した[AREA]、と[AREA]で食べられる[PRON],minor
[TYPE]と[TYPE]に[SZN]の、[INGR]が使われている[AREA]で食べられる[PRON],minor
[TYPE]に、[SZN]の[INGR]を使った[AREA]で食べられている[PRON],minor
[TYPE]か[TYPE]に[SZN]の[INGR]を使用した[AREA]で食べられている[PRON],minor
[TYPE]に[SZN]の[INGR]が使われている[AREA]で食べられている[PRON],minor
[TYPE]で[INGR]を使った、[AREA]の[SZN]の[PRON],almighty
[TYPE]と、[TYPE]で、[INGR]を使用した[AREA]の[SZN]の[PRON],almighty
[TYPE]で[INGR]が使われている[AREA]の、[SZN]の[PRON],almighty
[TYPE]で[INGR]を使った[AREA]の[SZN]か[SZN]に食べられる[PRON],almighty
[TYPE]で[INGR]を使用した[AREA]の[SZN]に食べられる[PRON],almighty
[TYPE]で[INGR]、か、[INGR]が使われている[AREA]の[SZN]に食べられる[PRON],almighty
[TYPE]で[INGR]と[INGR]を使った[AREA]の[SZN]に食べられている[PRON],almighty
[TYPE]で[INGR]、または[INGR]を使用した[AREA]の[SZN]に食べられている[PRON],almighty
[TYPE]で[INGR]が使われている[AREA]と[AREA]の[SZN]に食べられている[PRON],almighty
[TYPE]で、[INGR]を使った[AREA]または[AREA]で[SZN]に食べられる[PRON],almighty
[TYPE]で、[INGR]を使用した[AREA]で[SZN]に食べられる[PRON],almighty
[TYPE]で[INGR]が使われている、[AREA]で[SZN]に食べられる[PRON],almighty
[TYPE]と[TYPE]で[INGR]を使った[AREA]で[SZN]に食べられている[PRON],almighty
[TYPE]か[TYPE]で[INGR]を使用した[AREA]で[SZN]に食べられている[PRON],almighty
[TYPE]、と、[TYPE]で[INGR]が使われている[AREA]で[SZN]に食べられている[PRON],almighty
[TYPE]で[INGR]を使った[AREA]で食べられる[SZN]の、[PRON],almighty
[TYPE]で[INGR]を使用した、[AREA]、または[AREA]で食べられる[SZN]の[PRON],almighty
[TYPE]で[INGR]あるいは[INGR]が使われている、[AREA]で食べられる[SZN]の[PRON],almighty
[TYPE]か[TYPE]で、[INGR]を使った[AREA]で食べられている[SZN]の[PRON],almighty
[TYPE]で[INGR]を使用した、[AREA]と、[AREA]で食べられている[SZN]の[PRON],almighty
[TYPE]で[INGR]が使われている[AREA]または[AREA]で食べられている[SZN]の、[PRON],almighty
[TYPE]に、[INGR]を使った[AREA]の[SZN]の[PRON],minor
[TYPE]か、[TYPE]に[INGR]を使用した、[AREA]の[SZN]の[PRON],minor
[TYPE]か[TYPE]に[INGR]が使われている[AREA]の[SZN]の、[PRON],minor
[TYPE]に[INGR]あるいは[INGR]を使った、[AREA]で食べられる[SZN]の[PRON],almighty
[TYPE]に[INGR]を使用した[AREA]で食べられる[SZN]の[PRON],almighty
[TYPE]に[INGR]が使われている[AREA]か[AREA]で食べられる[SZN]の[PRON],almighty
[TYPE]に[INGR]あるいは[INGR]を使った、[AREA]で食べられている[SZN]の[PRON],almighty
[TYPE]に[INGR]を使用した[AREA]で食べられている[SZN]の、[PRON],almighty
[TYPE]に[INGR]か[INGR]が使われている[AREA]で食べられている[SZN]の[PRON],almighty
[TYPE]、または、[TYPE]で[INGR]を使った[SZN]の、[AREA]の[PRON],almighty
[TYPE]で[INGR]を使用した、[SZN]の[AREA]または[AREA]の[PRON],almighty
[TYPE]または、[TYPE]で[INGR]が使われている[SZN]の[AREA]の[PRON],almighty
[TYPE]で[INGR]を使った[SZN]の、[AREA]で食べられる[PRON],almighty
[TYPE]で[INGR]を使用した[SZN]の[AREA]か[AREA]で食べられる[PRON],almighty
[TYPE]で[INGR]が使われている[SZN]の、[AREA]で食べられる[PRON],almighty
[TYPE]と[TYPE]で[INGR]を使った[SZN]の[AREA]で食べられている[PRON],almighty
[TYPE]で[INGR]を使用した、[SZN]の[AREA]で食べられている[PRON],almighty
[TYPE]で[INGR]が使われている[SZN]の[AREA]で食べられている[PRON],almighty
[TYPE]または[TYPE]で[INGR]を使った、[SZN]に[AREA]で食べられる[PRON],almighty
[TYPE]あるいは、[TYPE]で[INGR]を使用した[SZN]に[AREA]で食べられる、[PRON],almighty
[TYPE]で[INGR]が使われている[SZN]、か[SZN]に[AREA]で食べられる、[PRON],almighty
[TYPE]で[INGR]を使った、[SZN]に[AREA]で食べられている[PRON],almighty
[TYPE]で[INGR]を使用した、[SZN]に[AREA]で食べられている[PRON],almighty
[TYPE]あるいは[TYPE]で[INGR]が使われている[SZN]に[AREA]で食べられている[PRON],almighty
[TYPE]で[INGR]を使った[SZN]と[SZN]に食べられる[AREA]の[PRON],almighty
[TYPE]で[INGR]を使用した、[SZN]に食べられる[AREA]の[PRON],almighty
[TYPE]で[INGR]が使われている[SZN]に食べられる[AREA]の、[PRON],almighty
[TYPE]で[INGR]、あるいは[INGR]を使った[SZN]に食べられている[AREA]の、[PRON],almighty
[TYPE]で[INGR]を使用した、[SZN]に食べられている[AREA]の[PRON],almighty
[TYPE]で[INGR]が使われている、[SZN]に食べられている[AREA]の[PRON],almighty
[TYPE]に、[INGR]を使った[SZN]の[AREA]、と[AREA]の[PRON],minor
[TYPE]に[INGR]を使用した[SZN]の、[AREA]の[PRON],minor
[TYPE]に、[INGR]か[INGR]が使われている[SZN]の[AREA]の[PRON],minor
[TYPE]に[INGR]、と、[INGR]を使った[SZN]の、[AREA]で食べられる[PRON],minor
[TYPE]か[TYPE]に[INGR]を使用した[SZN]の[AREA]で食べられる[PRON],minor
[TYPE]に、[INGR]あるいは[INGR]が使われている[SZN]の[AREA]で食べられる[PRON],minor
[TYPE]に[INGR]あるいは[INGR]を使った、[SZN]の[AREA]で食べられている[PRON],minor
[TYPE]に[INGR]を使用した[SZN]の、[AREA]で食べられている[PRON],minor
[TYPE]、または[TYPE]に[INGR]が使われている、[SZN]の[AREA]で食べられている[PRON],minor
[SZN]の[AREA]あるいは[AREA]の[TYPE]で[INGR]を使った[PRON],almighty
[SZN]の、[AREA]の[TYPE]で[INGR]を使用した[PRON],almighty
[SZN]、または、[SZN]の[AREA]の[TYPE]で[INGR]が使われている[PRON],almighty
[SZN]あるいは、[SZN]の[AREA]の[TYPE]に[INGR]を使った[PRON],minor
[SZN]の[AREA]の[TYPE]と[TYPE]に[INGR]を使用した[PRON],minor
[SZN]の[AREA]の[TYPE]に[INGR]が使われている[PRON],minor
[SZN]の[AREA]で、[TYPE]に[INGR]を使った[PRON],minor
[SZN]の、[AREA]で[TYPE]に[INGR]と[INGR]を使用した[PRON],minor
[SZN]の[AREA]または[AREA]で[TYPE]に[INGR]が使われている[PRON],minor
[SZN]または、[SZN]の[AREA]で食べられる、[TYPE]で[INGR]を使った[PRON],almighty
[SZN]の、[AREA]で食べられる[TYPE]で[INGR]、または、[INGR]を使用した[PRON],almighty
[SZN]または[SZN]の[AREA]で食べられる[TYPE]で、[INGR]が使われている[PRON],almighty
[SZN]か[SZN]の[AREA]で食べられている[TYPE]で[INGR]を使った、[PRON],almighty
[SZN]の[AREA]で食べられている[TYPE]で[INGR]を使用した[PRON],almighty
[SZN]の[AREA]で食べられている[TYPE]で[INGR]が使われている[PRON],almighty
[SZN]の[AREA]で食べられる[TYPE]に、[INGR]を使った[PRON],minor
[SZN]の[AREA]で食べられる[TYPE]、あるいは[TYPE]に[INGR]を使用した[PRON],minor
[SZN]の[AREA]または[AREA]で食べられる[TYPE]に[INGR]が使われている[PRON],minor
[SZN]の[AREA]で食べられている[TYPE]あるいは[TYPE]に[INGR]を使った、[PRON],minor
[SZN]の[AREA]で食べられている[TYPE]に、[INGR]を使用した[PRON],minor
[SZN]の、[AREA]で食べられている[TYPE]に[INGR]が使われている[PRON],minor
[SZN]に、[AREA]の[TYPE]で[INGR]あるいは[INGR]を使った[PRON],minor
[SZN]に、[AREA]の[TYPE]または[TYPE]で[INGR]を使用した[PRON],minor
[SZN]に[AREA]の[TYPE]で[INGR]、と[INGR]が使われている[PRON],minor
[SZN]に[AREA]または[AREA]で食べられる[TYPE]で[INGR]を使った[PRON],almighty
[SZN]に、[AREA]で食べられる[TYPE]で[INGR]と[INGR]を使用した[PRON],almighty
[SZN]、あるいは、[SZN]に[AREA]で食べられる、[TYPE]で[INGR]が使われている[PRON],almighty
[SZN]に[AREA]で食べられている[TYPE]で[INGR]と[INGR]を使った[PRON],almighty
[SZN]に[AREA]で食べられている[TYPE]で、[INGR]を使用した[PRON],almighty
[SZN]または[SZN]に[AREA]で食べられている[TYPE]で[INGR]が使われている[PRON],almighty
[SZN]に食べられる[AREA]の[TYPE]あるいは、[TYPE]で[INGR]を使った[PRON],almighty
[SZN]に食べられる[AREA]の[TYPE]で[INGR]を使用した[PRON],almighty
[SZN]に食べられる、[AREA]または[AREA]の[TYPE]で[INGR]が使われている[PRON],almighty
[SZN]に食べられている[AREA]の[TYPE]で[INGR]を使った[PRON],almighty
[SZN]に食べられている[AREA]と[AREA]の[TYPE]で[INGR]を使用した[PRON],almighty
[SZN]に食べられている[AREA]の[TYPE]あるいは、[TYPE]で、[INGR]が使われている[PRON],almighty
[SZN]、あるいは、[SZN]の[AREA]の、[INGR]を使った[TYPE],almighty
[SZN]か[SZN]の[AREA]の、[INGR]を使用した[TYPE],almighty
[SZN]か[SZN]の[AREA]の[INGR]が使われている、[TYPE],almighty
[SZN]または、[SZN]の[AREA]で食べられる[INGR]を使った[TYPE],almighty
[SZN]の[AREA]で食べられる[INGR]を使用した[TYPE],almighty
[SZN]の[AREA]で食べられる[INGR]、と[INGR]が使われている[TYPE],almighty
[SZN]の[AREA]あるいは[AREA]で食べられている[INGR]を使った、[TYPE],almighty
[SZN]の[AREA]で食べられている[INGR]を使用した[TYPE],almighty
[SZN]の、[AREA]で食べられている[INGR]が使われている[TYPE]か、[TYPE],almighty
[SZN]あるいは[SZN]に、[AREA]の[INGR]を使った[TYPE],minor
[SZN]あるいは[SZN]に[AREA]の、[INGR]を使用した[TYPE],minor
[SZN]に[AREA]の[INGR]が使われている[TYPE],minor
[SZN]あるいは[SZN]に[AREA]で食べられる[INGR]を使った[TYPE],almighty
[SZN]に[AREA]で食べられる[INGR]を使用した[TYPE],almighty
[SZN]に[AREA]で食べられる、[INGR]または[INGR]が使われている[TYPE],almighty
[SZN]に、[AREA]あるいは[AREA]で食べられている[INGR]を使った[TYPE],almighty
[SZN]に[AREA]で食べられている[INGR]を使用した[TYPE],almighty
[SZN]に[AREA]で食べられている、[INGR]が使われている[TYPE],almighty
[SZN]または[SZN]に食べられる[AREA]の[INGR]を使った[TYPE],almighty
[SZN]に食べられる[AREA]と[AREA]の、[INGR]を使用した[TYPE],almighty
[SZN]に食べられる[AREA]と[AREA]の[INGR]が使われている、[TYPE],almighty
[SZN]に食べられている[AREA]の、[INGR]と[INGR]を使った[TYPE],almighty
[SZN]に食べられている[AREA]か[AREA]の[INGR]を使用した[TYPE],almighty
[SZN]か[SZN]に食べられている[AREA]の[INGR]が使われている[TYPE],almighty
[SZN]の[TYPE]で[AREA]で食べられる[INGR]、または[INGR]を使った[PRON],almighty
[SZN]の[TYPE]で[AREA]で食べられる、[INGR]を使用した[PRON],almighty
[SZN]の[TYPE]で[AREA]で食べられる[INGR]が使われている[PRON],almighty
[SZN]の[TYPE]または[TYPE]で[AREA]で食べられている[INGR]を使った[PRON],almighty
[SZN]の[TYPE]あるいは[TYPE]で[AREA]で食べられている[INGR]を使用した[PRON],almighty
[SZN]の[TYPE]で[AREA]で食べられている[INGR]が使われている[PRON],almighty
[SZN]、と[SZN]の、[TYPE]に[AREA]で食べられる[INGR]を使った[PRON],minor
[SZN]、あるいは、[SZN]の、[TYPE]に[AREA]で食べられる[INGR]を使用した[PRON],minor
[SZN]の[TYPE]か[TYPE]に[AREA]で食べられる、[INGR]が使われている[PRON],minor
[SZN]の[TYPE]か[TYPE]に[AREA]で食べられている、[INGR]を使った[PRON],minor
[SZN]の[TYPE]に[AREA]で食べられている[INGR]を使用した[PRON],minor
[SZN]、と、[SZN]の[TYPE]に[AREA]で食べられている[INGR]が使われている、[PRON],minor
[SZN]に[TYPE]で、[AREA]の[INGR]を使った[PRON],minor
[SZN]に[TYPE]あるいは、[TYPE]で[AREA]の、[INGR]を使用した[PRON],minor
[SZN]または[SZN]に[TYPE]で[AREA]の[INGR]が使われている、[PRON],minor
[SZN]に、[TYPE]で[AREA]と[AREA]で食べられる[INGR]を使った[PRON],minor
[SZN]に[TYPE]で[AREA]で食べられる[INGR]を使用した[PRON],minor
[SZN]あるいは、[SZN]に[TYPE]で[AREA]で食べられる[INGR]が使われている[PRON],minor
[SZN]、と、[SZN]に[TYPE]で[AREA]で食べられている[INGR]を使った[PRON],minor
[SZN]に[TYPE]と[TYPE]で[AREA]で食べられている[INGR]を使用した[PRON],minor
[SZN]に[TYPE]で[AREA]で食べられている[INGR]が使われている、[PRON],minor
[SZN]と[SZN]に食べられる、[TYPE]で[AREA]の[INGR]を使った[PRON],almighty
[SZN]に食べられる[TYPE]で[AREA]の、[INGR]を使用した[PRON],almighty
[SZN]、と、[SZN]に食べられる[TYPE]で[AREA]の、[INGR]が使われている[PRON],almighty
[SZN]に食べられている[TYPE]で[AREA]の[INGR]、と[INGR]を使った[PRON],almighty
[SZN]に食べられている、[TYPE]で[AREA]の[INGR]、か[INGR]を使用した[PRON],almighty
[SZN]に食べられている[TYPE]で[AREA]と、[AREA]の[INGR]が使われている、[PRON],almighty
[SZN]または[SZN]の[TYPE]で[INGR]を使った、[AREA]の[PRON],almighty
[SZN]の[TYPE]か[TYPE]で[INGR]を使用した[AREA]の[PRON],almighty
[SZN]あるいは、[SZN]の[TYPE]で[INGR]が使われている、[AREA]の[PRON],almighty
[SZN]と、[SZN]の[TYPE]で、[INGR]を使った[AREA]で食べられる[PRON],almighty
[SZN]の[TYPE]と、[TYPE]で[INGR]を使用した[AREA]で食べられる、[PRON],almighty
[SZN]の、[TYPE]で[INGR]が使われている[AREA]で食べられる[PRON],almighty
[SZN]の[TYPE]で[INGR]を使った[AREA]で食べられている[PRON],almighty
[SZN]あるいは[SZN]の、[TYPE]で[INGR]を使用した[AREA]で食べられている[PRON],almighty
[SZN]の、[TYPE]で[INGR]が使われている[AREA]で食べられている[PRON],almighty
[SZN]の、[TYPE]に[INGR]を使った[AREA]の[PRON],minor
[SZN]と、[SZN]の[TYPE]に[INGR]を使用した[AREA]の[PRON],minor
[SZN]、と[SZN]の[TYPE]に[INGR]が使われている[AREA]の[PRON],minor
[SZN]の[TYPE]に[INGR]と[INGR]を使った[AREA]で食べられる[PRON],minor
[SZN]の、[TYPE]に[INGR]か[INGR]を使用した[AREA]で食べられる[PRON],minor
[SZN]の[TYPE]に[INGR]が使われている、[AREA]で食べられる[PRON],minor
[SZN]の、[TYPE]に[INGR]を使った[AREA]あるいは[AREA]で食べられている[PRON],minor
[SZN]の、[TYPE]あるいは、[TYPE]に[INGR]を使用した[AREA]で食べられている[PRON],minor
[SZN]の[TYPE]に[INGR]が使われている、[AREA]と、[AREA]で食べられている[PRON],minor
[SZN]に、[TYPE]で[INGR]を使った[AREA]または[AREA]の[PRON],minor
[SZN]に[TYPE]で[INGR]あるいは[INGR]を使用した[AREA]の、[PRON],minor
[SZN]に[TYPE]で[INGR]あるいは[INGR]が使われている[AREA]の、[PRON],minor
[SZN]に[TYPE]、と[TYPE]で[INGR]を使った、[AREA]で食べられる[PRON],minor
[SZN]に[TYPE]で[INGR]を使用した、[AREA]で食べられる[PRON],minor
[SZN]に[TYPE]で[INGR]または、[INGR]が使われている[AREA]で食べられる、[PRON],minor
[SZN]に[TYPE]あるいは[TYPE]で、[INGR]を使った[AREA]で食べられている[PRON],minor
[SZN]に[TYPE]で、[INGR]を使用した[AREA]で食べられている[PRON],minor
[SZN]に[TYPE]または[TYPE]で[INGR]が使われている[AREA]で食べられている[PRON],minor
[SZN]に食べられる[TYPE]と[TYPE]で[INGR]を使った[AREA]の[PRON],almighty
[SZN]に食べられる[TYPE]、あるいは、[TYPE]で[INGR]を使用した[AREA]の[PRON],almighty
[SZN]に食べられる[TYPE]か、[TYPE]で[INGR]が使われている、[AREA]の[PRON],almighty
[SZN]に食べられている[TYPE]で[INGR]を使った[AREA]の[PRON],almighty
[SZN]に食べられている[TYPE]、または、[TYPE]で[INGR]を使用した[AREA]の[PRON],almighty
[SZN]に食べられている[TYPE]で[INGR]が使われている、[AREA]の[PRON],almighty
[SZN]の[INGR]を使った[AREA]、あるいは[AREA]の[TYPE],almighty
[SZN]の[INGR]か、[INGR]を使用した、[AREA]の[TYPE],almighty
[SZN]の[INGR]が使われている[AREA]の[TYPE],almighty
[SZN]の[INGR]を使った、[AREA]で食べられる[TYPE],almighty
[SZN]の、[INGR]、または、[INGR]を使用した[AREA]で食べられる[TYPE],almighty
[SZN]の[INGR]が使われている[AREA]で食べられる[TYPE],almighty
[SZN]の[INGR]または、[INGR]を使った、[AREA]で食べられている[TYPE],almighty
[SZN]または[SZN]の[INGR]を使用した[AREA]で食べられている[TYPE],almighty
[SZN]の、[INGR]が使われている[AREA]で食べられている[TYPE],almighty
[SZN]か、[SZN]に[INGR]を使った[AREA]の[TYPE],minor
[SZN]に[INGR]と[INGR]を使用した[AREA]の[TYPE],minor
[SZN]に[INGR]が使われている、[AREA]の[TYPE]、と、[TYPE],minor
[SZN]に[INGR]を使った、[AREA]または[AREA]で食べられる[TYPE],minor
[SZN]に[INGR]を使用した[AREA]で食べられる[TYPE],minor
[SZN]あるいは[SZN]に[INGR]が使われている[AREA]で食べられる[TYPE],minor
[SZN]に、[INGR]を使った[AREA]で食べられている[TYPE],minor
[SZN]か[SZN]に[INGR]を使用した、[AREA]で食べられている[TYPE],minor
[SZN]あるいは[SZN]に[INGR]が使われている[AREA]で食べられている[TYPE],minor
[SZN]に食べられる[INGR]を使った[AREA]の[TYPE]、または、[TYPE],almighty
[SZN]、または、[SZN]に食べられる[INGR]を使用した[AREA]の[TYPE],almighty
[SZN]に食べられる[INGR]が使われている[AREA]の、[TYPE],almighty
[SZN]に食べられている[INGR]を使った[AREA]と、[AREA]の[TYPE],almighty
[SZN]に食べられている[INGR]を使用した[AREA]の[TYPE],almighty
[SZN]に食べられている、[INGR]が使われている[AREA]あるいは[AREA]の[TYPE],almighty
[SZN]あるいは、[SZN]の[INGR]を使った、[TYPE]で[AREA]の[PRON],almighty
[SZN]の[INGR]を使用した[TYPE]と、[TYPE]で[AREA]の[PRON],almighty
[SZN]の[INGR]が使われている[TYPE]、か[TYPE]で[AREA]の、[PRON],almighty
[SZN]の[INGR]を使った[TYPE]で[AREA]で食べられる[PRON],almighty
[SZN]の[INGR]または、[INGR]を使用した[TYPE]で[AREA]で食べられる[PRON],almighty
[SZN]の、[INGR]が使われている[TYPE]、か[TYPE]で[AREA]で食べられる[PRON],almighty
[SZN]の[INGR]を使った[TYPE]か[TYPE]で[AREA]で食べられている、[PRON],almighty
[SZN]か[SZN]の、[INGR]を使用した[TYPE]で[AREA]で食べられている[PRON],almighty
[SZN]の[INGR]が使われている[TYPE]または[TYPE]で[AREA]で食べられている[PRON],almighty
[SZN]の、[INGR]を使った[TYPE]に[AREA]の[PRON],minor
[SZN]か[SZN]の[INGR]を使用した、[TYPE]に[AREA]の[PRON],minor
[SZN]の[INGR]が使われている[TYPE]に[AREA]の[PRON],minor
[SZN]と[SZN]の[INGR]を使った[TYPE]に、[AREA]で食べられる[PRON],minor
[SZN]の[INGR]を使用した[TYPE]に[AREA]で食べられる[PRON],minor
[SZN]の、[INGR]か[INGR]が使われている[TYPE]に[AREA]で食べられる[PRON],minor
[SZN]の[INGR]と[INGR]を使った[TYPE]に[AREA]で食べられている[PRON],minor
[SZN]と[SZN]の[INGR]を使用した、[TYPE]に[AREA]で食べられている[PRON],minor
[SZN]の[INGR]と[INGR]が使われている、[TYPE]に[AREA]で食べられている[PRON],minor
[SZN]に[INGR]または[INGR]を使った[TYPE]で[AREA]の、[PRON],minor
[SZN]に[INGR]を使用した、[TYPE]、と[TYPE]で[AREA]の[PRON],minor
[SZN]か[SZN]に[INGR]が使われている、[TYPE]で[AREA]の[PRON],minor
[SZN]に、[INGR]と[INGR]を使った[TYPE]で[AREA]で食べられる[PRON],minor
[SZN]と、[SZN]に[INGR]を使用した[TYPE]で[AREA]で食べられる[PRON],minor
[SZN]または、[SZN]に[INGR]が使われている[TYPE]で[AREA]で食べられる[PRON],minor
[SZN]または[SZN]に、[INGR]を使った[TYPE]で[AREA]で食べられている[PRON],minor
[SZN]に[INGR]または[INGR]を使用した、[TYPE]で[AREA]で食べられている[PRON],minor
[SZN]に[INGR]が使われている[TYPE]で[AREA]で食べられている[PRON],minor
[SZN]あるいは[SZN]に食べられる[INGR]を使った[TYPE]で[AREA]の[PRON],almighty
[SZN]に食べられる[INGR]を使用した[TYPE]で[AREA]の、[PRON],almighty
[SZN]に食べられる[INGR]か[INGR]が使われている、[TYPE]で[AREA]の[PRON],almighty
[SZN]に食べられている[INGR]を使った、[TYPE]で[AREA]の[PRON],almighty
[SZN]に食べられている[INGR]を使用した[TYPE]で[AREA]の[PRON],almighty
[SZN]に食べられている[INGR]が使われている[TYPE]で[AREA]と[AREA]の、[PRON],almighty
[INGR]または、[INGR]を使った[AREA]の[TYPE]で、[SZN]の[PRON],almighty
[INGR]あるいは[INGR]を使用した[AREA]の、[TYPE]で[SZN]の[PRON],almighty
[INGR]が使われている[AREA]の[TYPE]で[SZN]の[PRON],almighty
[INGR]を使った、[AREA]の[TYPE]で[SZN]に食べられる[PRON],almighty
[INGR]を使用した[AREA]の[TYPE]で、[SZN]に食べられる[PRON],almighty
[INGR]が使われている[AREA]の、[TYPE]あるいは[TYPE]で[SZN]に食べられる[PRON],almighty
[INGR]を使った[AREA]の[TYPE]で[SZN]に食べられている[PRON],almighty
[INGR]と、[INGR]を使用した[AREA]の[TYPE]で[SZN]に食べられている[PRON],almighty
[INGR]が使われている[AREA]の[TYPE]で[SZN]に食べられている[PRON],almighty
[INGR]か[INGR]を使った[AREA]の、[TYPE]に[SZN]の[PRON],minor
[INGR]を使用した[AREA]の[TYPE]、または[TYPE]に、[SZN]の[PRON],minor
[INGR]あるいは[INGR]が使われている[AREA]の[TYPE]に[SZN]の[PRON],minor
[INGR]を使った[AREA]、か、[AREA]で食べられる[TYPE]で[SZN]の[PRON],almighty
[INGR]を使用した[AREA]で食べられる[TYPE]で[SZN]の[PRON],almighty
[INGR]あるいは[INGR]が使われている[AREA]で食べられる[TYPE]で[SZN]の[PRON],almighty
[INGR]を使った[AREA]で食べられている[TYPE]で[SZN]の[PRON],almighty
[INGR]を使用した[AREA]で食べられている[TYPE]で、[SZN]の[PRON],almighty
[INGR]が使われている[AREA]で食べられている[TYPE]で[SZN]の[PRON],almighty
[INGR]を使った[AREA]で食べられる、[TYPE]に[SZN]の[PRON],minor
[INGR]を使用した[AREA]で食べられる[TYPE]に[SZN]、か、[SZN]の[PRON],minor
[INGR]または[INGR]が使われている、[AREA]で食べられる[TYPE]に[SZN]の[PRON],minor
[INGR]を使った[AREA]で食べられている[TYPE]に[SZN]、か、[SZN]の[PRON],minor
[INGR]か[INGR]を使用した、[AREA]で食べられている[TYPE]に[SZN]の[PRON],minor
[INGR]が使われている[AREA]または、[AREA]で食べられている[TYPE]に[SZN]の[PRON],minor
[INGR]と[INGR]を使った[AREA]の[SZN]の[TYPE],almighty
[INGR]を使用した[AREA]または[AREA]の、[SZN]の[TYPE],almighty
[INGR]が使われている[AREA]か、[AREA]の[SZN]の[TYPE],almighty
[INGR]を使った[AREA]の[SZN]に食べられる、[TYPE],almighty
[INGR]を使用した[AREA]の、[SZN]に食べられる[TYPE],almighty
[INGR]が使われている[AREA]と、[AREA]の[SZN]に食べられる[TYPE],almighty
[INGR]を使った[AREA]の[SZN]に食べられている[TYPE],almighty
[INGR]を使用した[AREA]の[SZN]に食べられている[TYPE],almighty
[INGR]が使われている[AREA]の[SZN]に食べられている、[TYPE],almighty
[INGR]、あるいは、[INGR]を使った[AREA]で[SZN]に食べられる[TYPE],almighty
[INGR]か[INGR]を使用した[AREA]で[SZN]に食べられる[TYPE],almighty
[INGR]が使われている[AREA]で[SZN]か、[SZN]に食べられる[TYPE],almighty
[INGR]を使った[AREA]で、[SZN]に食べられている[TYPE],almighty
[INGR]を使用した[AREA]で[SZN]に食べられている、[TYPE],almighty
[INGR]か[INGR]が使われている[AREA]で[SZN]に食べられている[TYPE],almighty
[INGR]を使った[AREA]で食べられる[SZN]の[TYPE]と[TYPE],almighty
[INGR]を使用した、[AREA]で食べられる[SZN]か[SZN]の[TYPE],almighty
[INGR]か[INGR]が使われている[AREA]で食べられる、[SZN]の[TYPE],almighty
[INGR]を使った[AREA]で食べられている[SZN]の[TYPE],almighty
[INGR]を使用した[AREA]あるいは[AREA]で食べられている[SZN]の、[TYPE],almighty
[INGR]が使われている[AREA]で食べられている[SZN]の[TYPE],almighty
[INGR]を使った[TYPE]あるいは[TYPE]で、[AREA]の[SZN]の[PRON],almighty
[INGR]を使用した[TYPE]、と[TYPE]で、[AREA]の[SZN]の[PRON],almighty
[INGR]が使われている[TYPE]か、[TYPE]で[AREA]の[SZN]の[PRON],almighty
[INGR]か[INGR]を使った[TYPE]で[AREA]の[SZN]に食べられる[PRON],almighty
[INGR]を使用した[TYPE]または[TYPE]で[AREA]の[SZN]に食べられる[PRON],almighty
[INGR]が使われている[TYPE]あるいは、[TYPE]で[AREA]の[SZN]に食べられる[PRON],almighty
[INGR]を使った[TYPE]で[AREA]の[SZN]、と[SZN]に食べられている[PRON],almighty
[INGR]を使用した[TYPE]で[AREA]の[SZN]に食べられている[PRON],almighty
[INGR]が使われている、[TYPE]で[AREA]の[SZN]に食べられている[PRON],almighty
[INGR]を使った、[TYPE]か、[TYPE]で[AREA]で[SZN]に食べられる[PRON],almighty
[INGR]を使用した[TYPE]で[AREA]、と、[AREA]で[SZN]に食べられる、[PRON],almighty
[INGR]が使われている[TYPE]で[AREA]で[SZN]に食べられる[PRON],almighty
[INGR]あるいは[INGR]を使った[TYPE]で[AREA]で[SZN]に食べられている[PRON],almighty
[INGR]を使用した、[TYPE]で[AREA]で[SZN]、か[SZN]に食べられている[PRON],almighty
[INGR]が使われている、[TYPE]、あるいは、[TYPE]で[AREA]で[SZN]に食べられている[PRON],almighty
[INGR]を使った[TYPE]で[AREA]で食べられる、[SZN]の[PRON],almighty
[INGR]または、[INGR]を使用した[TYPE]で[AREA]で食べられる、[SZN]の[PRON],almighty
[INGR]が使われている、[TYPE]で[AREA]で食べられる[SZN]の[PRON],almighty
[INGR]を使った[TYPE]あるいは[TYPE]で[AREA]で食べられている[SZN]の[PRON],almighty
[INGR]を使用した[TYPE]で、[AREA]で食べられている[SZN]の[PRON],almighty
[INGR]あるいは[INGR]が使われている[TYPE]で[AREA]で食べられている、[SZN]の[PRON],almighty
[INGR]を使った[TYPE]に[AREA]の、[SZN]の[PRON],minor
[INGR]と[INGR]を使用した[TYPE]に[AREA]の[SZN]の[PRON],minor
[INGR]が使われている[TYPE]または、[TYPE]に[AREA]の[SZN]の[PRON],minor
[INGR]を使った[TYPE]あるいは、[TYPE]に[AREA]で食べられる、[SZN]の[PRON],minor
[INGR]を使用した[TYPE]に[AREA]で食べられる、[SZN]の[PRON],minor
[INGR]が使われている[TYPE]に、[AREA]で食べられる[SZN]の[PRON],minor
[INGR]を使った[TYPE]に[AREA]で食べられている[SZN]の[PRON],minor
[INGR]を使用した[TYPE]に、[AREA]か[AREA]で食べられている[SZN]の[PRON],minor
[INGR]が使われている[TYPE]、あるいは、[TYPE]に[AREA]で食べられている、[SZN]の[PRON],minor
[INGR]を使った[TYPE]で[SZN]の[AREA]の[PRON],almighty
[INGR]を使用した[TYPE]で[SZN]の[AREA]の[PRON],almighty
[INGR]が使われている[TYPE]で、[SZN]の[AREA]の[PRON],almighty
[INGR]を使った、[TYPE]で[SZN]に[AREA]で食べられる[PRON],almighty
[INGR]を使用した[TYPE]で[SZN]と[SZN]に[AREA]で食べられる[PRON],almighty
[INGR]が使われている[TYPE]、と[TYPE]で[SZN]に、[AREA]で食べられる[PRON],almighty
[INGR]を使った[TYPE]で[SZN]に[AREA]で食べられている[PRON],almighty
[INGR]を使用した[TYPE]、か[TYPE]で[SZN]に[AREA]で食べられている[PRON],almighty
[INGR]か[INGR]が使われている、[TYPE]で[SZN]に[AREA]で食べられている[PRON],almighty
[INGR]を使った[TYPE]で[SZN]または[SZN]に食べられる[AREA]の[PRON],almighty
[INGR]を使用した、[TYPE]か[TYPE]で[SZN]に食べられる[AREA]の[PRON],almighty
[INGR]が使われている[TYPE]または[TYPE]で[SZN]に食べられる、[AREA]の[PRON],almighty
[INGR]あるいは[INGR]を使った[TYPE]で、[SZN]に食べられている[AREA]の[PRON],almighty
[INGR]を使用した[TYPE]で[SZN]に食べられている[AREA]の[PRON],almighty
[INGR]が使われている[TYPE]で[SZN]に食べられている[AREA]の[PRON],almighty
[INGR]を使った、[TYPE]に[SZN]の[AREA]の[PRON],minor
[INGR]を使用した[TYPE]、または、[TYPE]に[SZN]の[AREA]の、[PRON],minor
[INGR]が使われている[TYPE]に[SZN]の[AREA]の[PRON],minor
[INGR]を使った[TYPE]に[SZN]の[AREA]で食べられる[PRON],minor
[INGR]と[INGR]を使用した、[TYPE]に[SZN]の[AREA]で食べられる[PRON],minor
[INGR]あるいは、[INGR]が使われている、[TYPE]に[SZN]の[AREA]で食べられる[PRON],minor
[INGR]、と、[INGR]を使った[TYPE]に[SZN]の[AREA]で食べられている[PRON],minor
[INGR]を使用した[TYPE]に[SZN]の、[AREA]で食べられている[PRON],minor
[INGR]か[INGR]が使われている、[TYPE]に[SZN]の[AREA]で食べられている[PRON],minor
[INGR]を使った[SZN]の[AREA]の[TYPE],almighty
[INGR]あるいは[INGR]を使用した[SZN]の[AREA]の、[TYPE],almighty
[INGR]が使われている[SZN]の[AREA]の[TYPE]と[TYPE],almighty
[INGR]か[INGR]を使った、[SZN]の[AREA]で食べられる[TYPE],almighty
[INGR]を使用した、[SZN]の[AREA]で食べられる[TYPE],almighty
[INGR]が使われている、[SZN]の[AREA]、か、[AREA]で食べられる[TYPE],almighty
[INGR]を使った[SZN]の[AREA]で食べられている[TYPE]または[TYPE],almighty
[INGR]を使用した[SZN]の[AREA]で食べられている[TYPE]、あるいは、[TYPE],almighty
[INGR]が使われている[SZN]の[AREA]か[AREA]で食べられている[TYPE],almighty
[INGR]を使った[SZN]に[AREA]で食べられる、[TYPE],almighty
[INGR]を使用した[SZN]と[SZN]に、[AREA]で食べられる[TYPE],almighty
[INGR]が使われている[SZN]に[AREA]で食べられる[TYPE],almighty
[INGR]を使った[SZN]に[AREA]で食べられている[TYPE],almighty
[INGR]を使用した、[SZN]に[AREA]で食べられている[TYPE],almighty
[INGR]が使われている[SZN]に[AREA]で食べられている[TYPE],almighty
[INGR]を使った、[SZN]に食べられる[AREA]の[TYPE],almighty
[INGR]を使用した[SZN]に食べられる[AREA]の[TYPE],almighty
[INGR]が使われている、[SZN]に食べられる[AREA]の[TYPE],almighty
[INGR]を使った[SZN]に食べられている[AREA]の[TYPE],almighty
[INGR]を使用した、[SZN]に食べられている[AREA]の[TYPE],almighty
[INGR]が使われている、[SZN]、か、[SZN]に食べられている[AREA]の[TYPE],almighty
[INGR]を使った[SZN]の[TYPE]または[TYPE]で[AREA]の[PRON],almighty
[INGR]を使用した、[SZN]の[TYPE]あるいは[TYPE]で[AREA]の[PRON],almighty
[INGR]か[INGR]が使われている、[SZN]の[TYPE]で[AREA]の[PRON],almighty
[INGR]を使った[SZN]の[TYPE]で[AREA]で食べられる[PRON],almighty
[INGR]を使用した[SZN]の[TYPE]か[TYPE]で[AREA]で食べられる[PRON],almighty
[INGR]が使われている[SZN]の[TYPE]か[TYPE]で[AREA]で食べられる[PRON],almighty
[INGR]、または[INGR]を使った[SZN]の[TYPE]で[AREA]で食べられている[PRON],almighty
[INGR]を使用した、[SZN]の[TYPE]で[AREA]で食べられている[PRON],almighty
[INGR]が使われている[SZN]または[SZN]の、[TYPE]で[AREA]で食べられている[PRON],almighty
[INGR]を使った[SZN]の[TYPE]に[AREA]の、[PRON],minor
[INGR]を使用した[SZN]の[TYPE]に[AREA]の[PRON],minor
[INGR]が使われている[SZN]の[TYPE]に[AREA]の[PRON],minor
[INGR]を使った[SZN]の[TYPE]に[AREA]で食べられる[PRON],minor
[INGR]を使用した[SZN]と、[SZN]の[TYPE]に[AREA]で食べられる[PRON],minor
[INGR]が使われている[SZN]あるいは[SZN]の[TYPE]に、[AREA]で食べられる[PRON],minor
[INGR]を使った、[SZN]の[TYPE]に[AREA]で食べられている[PRON],minor
[INGR]、または、[INGR]を使用した[SZN]の[TYPE]に[AREA]で食べられている[PRON],minor
[INGR]が使われている、[SZN]あるいは、[SZN]の[TYPE]に[AREA]で食べられている[PRON],minor
[INGR]を使った、[SZN]に食べられる[TYPE]と[TYPE]で[AREA]の[PRON],almighty
[INGR]を使用した[SZN]あるいは[SZN]に食べられる、[TYPE]で[AREA]の[PRON],almighty
[INGR]が使われている、[SZN]と、[SZN]に食べられる[TYPE]で[AREA]の[PRON],almighty
[INGR]または、[INGR]を使った、[SZN]に食べられている[TYPE]で[AREA]の[PRON],almighty
[INGR]か[INGR]を使用した[SZN]に食べられている[TYPE]で、[AREA]の[PRON],almighty
[INGR]あるいは[INGR]が使われている[SZN]に食べられている[TYPE]で、[AREA]の[PRON],almighty
