文末表現,class
,major
。,major
について,major
について。,major
は？,major
を知ってる？,major
を知ってます？,major
を知ってますか,major
を知ってますか。,major
を知ってますか？,major
をご存じでしょうか,major
をご存じでしょうか。,major
をご存じでしょうか？,major
を、知ってる？,major
を、知ってます？,major
を、知ってますか,major
を、知ってますか。,major
を、知ってますか？,major
を、ご存じでしょうか,major
を、ご存じでしょうか。,major
を、ご存じでしょうか？,major
について知ってる？,major
について知ってます？,major
について知ってますか,major
について知ってますか。,major
について知ってますか？,major
についてご存じでしょうか,major
についてご存じでしょうか。,major
についてご存じでしょうか？,major
について、知ってる？,major
について、知ってます？,major
について、知ってますか,major
について、知ってますか。,major
について、知ってますか？,major
について、ご存じでしょうか,major
について、ご存じでしょうか。,major
について、ご存じでしょうか？,major
を知ってたら教えて,major
を知ってたら教えて。,major
を知ってたら教えて？,major
を知ってたら探して,major
を知ってたら探して。,major
を知ってたら探して？,major
を知ってたら検索して,major
を知ってたら検索して。,major
を知ってたら検索して？,major
を知ってたら調べて,major
を知ってたら調べて。,major
を知ってたら調べて？,major
を知ってたら、教えて,major
を知ってたら、教えて。,major
を知ってたら、教えて？,major
を知ってたら、探して,major
を知ってたら、探して。,major
を知ってたら、探して？,major
を知ってたら、検索して,major
を知ってたら、検索して。,major
を知ってたら、検索して？,major
を知ってたら、調べて,major
を知ってたら、調べて。,major
を知ってたら、調べて？,major
を、知ってたら教えて,major
を、知ってたら教えて。,major
を、知ってたら教えて？,major
を、知ってたら探して,major
を、知ってたら探して。,major
を、知ってたら探して？,major
を、知ってたら検索して,major
を、知ってたら検索して。,major
を、知ってたら検索して？,major
を、知ってたら調べて,major
を、知ってたら調べて。,major
を、知ってたら調べて？,major
を、知ってたら、教えて,major
を、知ってたら、教えて。,major
を、知ってたら、教えて？,major
を、知ってたら、探して,major
を、知ってたら、探して。,major
を、知ってたら、探して？,major
を、知ってたら、検索して,major
を、知ってたら、検索して。,major
を、知ってたら、検索して？,major
を、知ってたら、調べて,major
を、知ってたら、調べて。,major
を、知ってたら、調べて？,major
について知ってたら教えて,major
について知ってたら教えて。,major
について知ってたら教えて？,major
について知ってたら探して,major
について知ってたら探して。,major
について知ってたら探して？,major
について知ってたら検索して,major
について知ってたら検索して。,major
について知ってたら検索して？,major
について知ってたら調べて,major
について知ってたら調べて。,major
について知ってたら調べて？,major
について知ってたら、教えて,major
について知ってたら、教えて。,major
について知ってたら、教えて？,major
について知ってたら、探して,major
について知ってたら、探して。,major
について知ってたら、探して？,major
について知ってたら、検索して,major
について知ってたら、検索して。,major
について知ってたら、検索して？,major
について知ってたら、調べて,major
について知ってたら、調べて。,major
について知ってたら、調べて？,major
について、知ってたら教えて,major
について、知ってたら教えて。,major
について、知ってたら教えて？,major
について、知ってたら探して,major
について、知ってたら探して。,major
について、知ってたら探して？,major
について、知ってたら検索して,major
について、知ってたら検索して。,major
について、知ってたら検索して？,major
について、知ってたら調べて,major
について、知ってたら調べて。,major
について、知ってたら調べて？,major
について、知ってたら、教えて,major
について、知ってたら、教えて。,major
について、知ってたら、教えて？,major
について、知ってたら、探して,major
について、知ってたら、探して。,major
について、知ってたら、探して？,major
について、知ってたら、検索して,major
について、知ってたら、検索して。,major
について、知ってたら、検索して？,major
について、知ってたら、調べて,major
について、知ってたら、調べて。,major
について、知ってたら、調べて？,major
を知ってたら教えろ,major
を知ってたら教えろ。,major
を知ってたら探せ,major
を知ってたら探せ。,major
を知ってたら検索,major
を知ってたら検索。,major
を知ってたら検索しろ,major
を知ってたら検索しろ。,major
を知ってたら調べろ,major
を知ってたら調べろ。,major
を知ってたら、教えろ,major
を知ってたら、教えろ。,major
を知ってたら、探せ,major
を知ってたら、探せ。,major
を知ってたら、検索,major
を知ってたら、検索。,major
を知ってたら、検索しろ,major
を知ってたら、検索しろ。,major
を知ってたら、調べろ,major
を知ってたら、調べろ。,major
を、知ってたら教えろ,major
を、知ってたら教えろ。,major
を、知ってたら探せ,major
を、知ってたら探せ。,major
を、知ってたら検索,major
を、知ってたら検索。,major
を、知ってたら検索しろ,major
を、知ってたら検索しろ。,major
を、知ってたら調べろ,major
を、知ってたら調べろ。,major
を、知ってたら、教えろ,major
を、知ってたら、教えろ。,major
を、知ってたら、探せ,major
を、知ってたら、探せ。,major
を、知ってたら、検索,major
を、知ってたら、検索。,major
を、知ってたら、検索しろ,major
を、知ってたら、検索しろ。,major
を、知ってたら、調べろ,major
を、知ってたら、調べろ。,major
について知ってたら教えろ,major
について知ってたら教えろ。,major
について知ってたら探せ,major
について知ってたら探せ。,major
について知ってたら検索,major
について知ってたら検索。,major
について知ってたら検索しろ,major
について知ってたら検索しろ。,major
について知ってたら調べろ,major
について知ってたら調べろ。,major
について知ってたら、教えろ,major
について知ってたら、教えろ。,major
について知ってたら、探せ,major
について知ってたら、探せ。,major
について知ってたら、検索,major
について知ってたら、検索。,major
について知ってたら、検索しろ,major
について知ってたら、検索しろ。,major
について知ってたら、調べろ,major
について知ってたら、調べろ。,major
について、知ってたら教えろ,major
について、知ってたら教えろ。,major
について、知ってたら探せ,major
について、知ってたら探せ。,major
について、知ってたら検索,major
について、知ってたら検索。,major
について、知ってたら検索しろ,major
について、知ってたら検索しろ。,major
について、知ってたら調べろ,major
について、知ってたら調べろ。,major
について、知ってたら、教えろ,major
について、知ってたら、教えろ。,major
について、知ってたら、探せ,major
について、知ってたら、探せ。,major
について、知ってたら、検索,major
について、知ってたら、検索。,major
について、知ってたら、検索しろ,major
について、知ってたら、検索しろ。,major
について、知ってたら、調べろ,major
について、知ってたら、調べろ。,major
を知ってたら教えてくれませんか？,major
を知ってたら教えて下さい,major
を知ってたら教えて下さい。,major
を知ってたら教えて欲しいです,major
を知ってたら教えて欲しいです。,major
を知ってたら教えて頂きたいです,major
を知ってたら教えて頂きたいです。,major
を知ってたら教えて頂けませんか？,major
を知ってたら探してくれませんか？,major
を知ってたら探して下さい,major
を知ってたら探して下さい。,major
を知ってたら探して欲しいです,major
を知ってたら探して欲しいです。,major
を知ってたら探して頂きたいです,major
を知ってたら探して頂きたいです。,major
を知ってたら探して頂けませんか？,major
を知ってたら検索してくれませんか？,major
を知ってたら検索して下さい,major
を知ってたら検索して下さい。,major
を知ってたら検索して欲しいです,major
を知ってたら検索して欲しいです。,major
を知ってたら検索して頂きたいです,major
を知ってたら検索して頂きたいです。,major
を知ってたら検索して頂けませんか？,major
を知ってたら調べてくれませんか？,major
を知ってたら調べて下さい,major
を知ってたら調べて下さい。,major
を知ってたら調べて欲しいです,major
を知ってたら調べて欲しいです。,major
を知ってたら調べて頂きたいです,major
を知ってたら調べて頂きたいです。,major
を知ってたら調べて頂けませんか？,major
を知ってたら、教えてくれませんか？,major
を知ってたら、教えて下さい,major
を知ってたら、教えて下さい。,major
を知ってたら、教えて欲しいです,major
を知ってたら、教えて欲しいです。,major
を知ってたら、教えて頂きたいです,major
を知ってたら、教えて頂きたいです。,major
を知ってたら、教えて頂けませんか？,major
を知ってたら、探してくれませんか？,major
を知ってたら、探して下さい,major
を知ってたら、探して下さい。,major
を知ってたら、探して欲しいです,major
を知ってたら、探して欲しいです。,major
を知ってたら、探して頂きたいです,major
を知ってたら、探して頂きたいです。,major
を知ってたら、探して頂けませんか？,major
を知ってたら、検索してくれませんか？,major
を知ってたら、検索して下さい,major
を知ってたら、検索して下さい。,major
を知ってたら、検索して欲しいです,major
を知ってたら、検索して欲しいです。,major
を知ってたら、検索して頂きたいです,major
を知ってたら、検索して頂きたいです。,major
を知ってたら、検索して頂けませんか？,major
を知ってたら、調べてくれませんか？,major
を知ってたら、調べて下さい,major
を知ってたら、調べて下さい。,major
を知ってたら、調べて欲しいです,major
を知ってたら、調べて欲しいです。,major
を知ってたら、調べて頂きたいです,major
を知ってたら、調べて頂きたいです。,major
を知ってたら、調べて頂けませんか？,major
を、知ってたら教えてくれませんか？,major
を、知ってたら教えて下さい,major
を、知ってたら教えて下さい。,major
を、知ってたら教えて欲しいです,major
を、知ってたら教えて欲しいです。,major
を、知ってたら教えて頂きたいです,major
を、知ってたら教えて頂きたいです。,major
を、知ってたら教えて頂けませんか？,major
を、知ってたら探してくれませんか？,major
を、知ってたら探して下さい,major
を、知ってたら探して下さい。,major
を、知ってたら探して欲しいです,major
を、知ってたら探して欲しいです。,major
を、知ってたら探して頂きたいです,major
を、知ってたら探して頂きたいです。,major
を、知ってたら探して頂けませんか？,major
を、知ってたら検索してくれませんか？,major
を、知ってたら検索して下さい,major
を、知ってたら検索して下さい。,major
を、知ってたら検索して欲しいです,major
を、知ってたら検索して欲しいです。,major
を、知ってたら検索して頂きたいです,major
を、知ってたら検索して頂きたいです。,major
を、知ってたら検索して頂けませんか？,major
を、知ってたら調べてくれませんか？,major
を、知ってたら調べて下さい,major
を、知ってたら調べて下さい。,major
を、知ってたら調べて欲しいです,major
を、知ってたら調べて欲しいです。,major
を、知ってたら調べて頂きたいです,major
を、知ってたら調べて頂きたいです。,major
を、知ってたら調べて頂けませんか？,major
を、知ってたら、教えてくれませんか？,major
を、知ってたら、教えて下さい,major
を、知ってたら、教えて下さい。,major
を、知ってたら、教えて欲しいです,major
を、知ってたら、教えて欲しいです。,major
を、知ってたら、教えて頂きたいです,major
を、知ってたら、教えて頂きたいです。,major
を、知ってたら、教えて頂けませんか？,major
を、知ってたら、探してくれませんか？,major
を、知ってたら、探して下さい,major
を、知ってたら、探して下さい。,major
を、知ってたら、探して欲しいです,major
を、知ってたら、探して欲しいです。,major
を、知ってたら、探して頂きたいです,major
を、知ってたら、探して頂きたいです。,major
を、知ってたら、探して頂けませんか？,major
を、知ってたら、検索してくれませんか？,major
を、知ってたら、検索して下さい,major
を、知ってたら、検索して下さい。,major
を、知ってたら、検索して欲しいです,major
を、知ってたら、検索して欲しいです。,major
を、知ってたら、検索して頂きたいです,major
を、知ってたら、検索して頂きたいです。,major
を、知ってたら、検索して頂けませんか？,major
を、知ってたら、調べてくれませんか？,major
を、知ってたら、調べて下さい,major
を、知ってたら、調べて下さい。,major
を、知ってたら、調べて欲しいです,major
を、知ってたら、調べて欲しいです。,major
を、知ってたら、調べて頂きたいです,major
を、知ってたら、調べて頂きたいです。,major
を、知ってたら、調べて頂けませんか？,major
について知ってたら教えてくれませんか？,major
について知ってたら教えて下さい,major
について知ってたら教えて下さい。,major
について知ってたら教えて欲しいです,major
について知ってたら教えて欲しいです。,major
について知ってたら教えて頂きたいです,major
について知ってたら教えて頂きたいです。,major
について知ってたら教えて頂けませんか？,major
について知ってたら探してくれませんか？,major
について知ってたら探して下さい,major
について知ってたら探して下さい。,major
について知ってたら探して欲しいです,major
について知ってたら探して欲しいです。,major
について知ってたら探して頂きたいです,major
について知ってたら探して頂きたいです。,major
について知ってたら探して頂けませんか？,major
について知ってたら検索してくれませんか？,major
について知ってたら検索して下さい,major
について知ってたら検索して下さい。,major
について知ってたら検索して欲しいです,major
について知ってたら検索して欲しいです。,major
について知ってたら検索して頂きたいです,major
について知ってたら検索して頂きたいです。,major
について知ってたら検索して頂けませんか？,major
について知ってたら調べてくれませんか？,major
について知ってたら調べて下さい,major
について知ってたら調べて下さい。,major
について知ってたら調べて欲しいです,major
について知ってたら調べて欲しいです。,major
について知ってたら調べて頂きたいです,major
について知ってたら調べて頂きたいです。,major
について知ってたら調べて頂けませんか？,major
について知ってたら、教えてくれませんか？,major
について知ってたら、教えて下さい,major
について知ってたら、教えて下さい。,major
について知ってたら、教えて欲しいです,major
について知ってたら、教えて欲しいです。,major
について知ってたら、教えて頂きたいです,major
について知ってたら、教えて頂きたいです。,major
について知ってたら、教えて頂けませんか？,major
について知ってたら、探してくれませんか？,major
について知ってたら、探して下さい,major
について知ってたら、探して下さい。,major
について知ってたら、探して欲しいです,major
について知ってたら、探して欲しいです。,major
について知ってたら、探して頂きたいです,major
について知ってたら、探して頂きたいです。,major
について知ってたら、探して頂けませんか？,major
について知ってたら、検索してくれませんか？,major
について知ってたら、検索して下さい,major
について知ってたら、検索して下さい。,major
について知ってたら、検索して欲しいです,major
について知ってたら、検索して欲しいです。,major
について知ってたら、検索して頂きたいです,major
について知ってたら、検索して頂きたいです。,major
について知ってたら、検索して頂けませんか？,major
について知ってたら、調べてくれませんか？,major
について知ってたら、調べて下さい,major
について知ってたら、調べて下さい。,major
について知ってたら、調べて欲しいです,major
について知ってたら、調べて欲しいです。,major
について知ってたら、調べて頂きたいです,major
について知ってたら、調べて頂きたいです。,major
について知ってたら、調べて頂けませんか？,major
について、知ってたら教えてくれませんか？,major
について、知ってたら教えて下さい,major
について、知ってたら教えて下さい。,major
について、知ってたら教えて欲しいです,major
について、知ってたら教えて欲しいです。,major
について、知ってたら教えて頂きたいです,major
について、知ってたら教えて頂きたいです。,major
について、知ってたら教えて頂けませんか？,major
について、知ってたら探してくれませんか？,major
について、知ってたら探して下さい,major
について、知ってたら探して下さい。,major
について、知ってたら探して欲しいです,major
について、知ってたら探して欲しいです。,major
について、知ってたら探して頂きたいです,major
について、知ってたら探して頂きたいです。,major
について、知ってたら探して頂けませんか？,major
について、知ってたら検索してくれませんか？,major
について、知ってたら検索して下さい,major
について、知ってたら検索して下さい。,major
について、知ってたら検索して欲しいです,major
について、知ってたら検索して欲しいです。,major
について、知ってたら検索して頂きたいです,major
について、知ってたら検索して頂きたいです。,major
について、知ってたら検索して頂けませんか？,major
について、知ってたら調べてくれませんか？,major
について、知ってたら調べて下さい,major
について、知ってたら調べて下さい。,major
について、知ってたら調べて欲しいです,major
について、知ってたら調べて欲しいです。,major
について、知ってたら調べて頂きたいです,major
について、知ってたら調べて頂きたいです。,major
について、知ってたら調べて頂けませんか？,major
について、知ってたら、教えてくれませんか？,major
について、知ってたら、教えて下さい,major
について、知ってたら、教えて下さい。,major
について、知ってたら、教えて欲しいです,major
について、知ってたら、教えて欲しいです。,major
について、知ってたら、教えて頂きたいです,major
について、知ってたら、教えて頂きたいです。,major
について、知ってたら、教えて頂けませんか？,major
について、知ってたら、探してくれませんか？,major
について、知ってたら、探して下さい,major
について、知ってたら、探して下さい。,major
について、知ってたら、探して欲しいです,major
について、知ってたら、探して欲しいです。,major
について、知ってたら、探して頂きたいです,major
について、知ってたら、探して頂きたいです。,major
について、知ってたら、探して頂けませんか？,major
について、知ってたら、検索してくれませんか？,major
について、知ってたら、検索して下さい,major
について、知ってたら、検索して下さい。,major
について、知ってたら、検索して欲しいです,major
について、知ってたら、検索して欲しいです。,major
について、知ってたら、検索して頂きたいです,major
について、知ってたら、検索して頂きたいです。,major
について、知ってたら、検索して頂けませんか？,major
について、知ってたら、調べてくれませんか？,major
について、知ってたら、調べて下さい,major
について、知ってたら、調べて下さい。,major
について、知ってたら、調べて欲しいです,major
について、知ってたら、調べて欲しいです。,major
について、知ってたら、調べて頂きたいです,major
について、知ってたら、調べて頂きたいです。,major
について、知ってたら、調べて頂けませんか？,major
をご存じであれば教えて,major
をご存じであれば教えて。,major
をご存じであれば教えて？,major
をご存じであれば探して,major
をご存じであれば探して。,major
をご存じであれば探して？,major
をご存じであれば検索して,major
をご存じであれば検索して。,major
をご存じであれば検索して？,major
をご存じであれば調べて,major
をご存じであれば調べて。,major
をご存じであれば調べて？,major
をご存じであれば、教えて,major
をご存じであれば、教えて。,major
をご存じであれば、教えて？,major
をご存じであれば、探して,major
をご存じであれば、探して。,major
をご存じであれば、探して？,major
をご存じであれば、検索して,major
をご存じであれば、検索して。,major
をご存じであれば、検索して？,major
をご存じであれば、調べて,major
をご存じであれば、調べて。,major
をご存じであれば、調べて？,major
をご存じでしたら教えて,major
をご存じでしたら教えて。,major
をご存じでしたら教えて？,major
をご存じでしたら探して,major
をご存じでしたら探して。,major
をご存じでしたら探して？,major
をご存じでしたら検索して,major
をご存じでしたら検索して。,major
をご存じでしたら検索して？,major
をご存じでしたら調べて,major
をご存じでしたら調べて。,major
をご存じでしたら調べて？,major
をご存じでしたら、教えて,major
をご存じでしたら、教えて。,major
をご存じでしたら、教えて？,major
をご存じでしたら、探して,major
をご存じでしたら、探して。,major
をご存じでしたら、探して？,major
をご存じでしたら、検索して,major
をご存じでしたら、検索して。,major
をご存じでしたら、検索して？,major
をご存じでしたら、調べて,major
をご存じでしたら、調べて。,major
をご存じでしたら、調べて？,major
を、ご存じであれば教えて,major
を、ご存じであれば教えて。,major
を、ご存じであれば教えて？,major
を、ご存じであれば探して,major
を、ご存じであれば探して。,major
を、ご存じであれば探して？,major
を、ご存じであれば検索して,major
を、ご存じであれば検索して。,major
を、ご存じであれば検索して？,major
を、ご存じであれば調べて,major
を、ご存じであれば調べて。,major
を、ご存じであれば調べて？,major
を、ご存じであれば、教えて,major
を、ご存じであれば、教えて。,major
を、ご存じであれば、教えて？,major
を、ご存じであれば、探して,major
を、ご存じであれば、探して。,major
を、ご存じであれば、探して？,major
を、ご存じであれば、検索して,major
を、ご存じであれば、検索して。,major
を、ご存じであれば、検索して？,major
を、ご存じであれば、調べて,major
を、ご存じであれば、調べて。,major
を、ご存じであれば、調べて？,major
を、ご存じでしたら教えて,major
を、ご存じでしたら教えて。,major
を、ご存じでしたら教えて？,major
を、ご存じでしたら探して,major
を、ご存じでしたら探して。,major
を、ご存じでしたら探して？,major
を、ご存じでしたら検索して,major
を、ご存じでしたら検索して。,major
を、ご存じでしたら検索して？,major
を、ご存じでしたら調べて,major
を、ご存じでしたら調べて。,major
を、ご存じでしたら調べて？,major
を、ご存じでしたら、教えて,major
を、ご存じでしたら、教えて。,major
を、ご存じでしたら、教えて？,major
を、ご存じでしたら、探して,major
を、ご存じでしたら、探して。,major
を、ご存じでしたら、探して？,major
を、ご存じでしたら、検索して,major
を、ご存じでしたら、検索して。,major
を、ご存じでしたら、検索して？,major
を、ご存じでしたら、調べて,major
を、ご存じでしたら、調べて。,major
を、ご存じでしたら、調べて？,major
についてご存じであれば教えて,major
についてご存じであれば教えて。,major
についてご存じであれば教えて？,major
についてご存じであれば探して,major
についてご存じであれば探して。,major
についてご存じであれば探して？,major
についてご存じであれば検索して,major
についてご存じであれば検索して。,major
についてご存じであれば検索して？,major
についてご存じであれば調べて,major
についてご存じであれば調べて。,major
についてご存じであれば調べて？,major
についてご存じであれば、教えて,major
についてご存じであれば、教えて。,major
についてご存じであれば、教えて？,major
についてご存じであれば、探して,major
についてご存じであれば、探して。,major
についてご存じであれば、探して？,major
についてご存じであれば、検索して,major
についてご存じであれば、検索して。,major
についてご存じであれば、検索して？,major
についてご存じであれば、調べて,major
についてご存じであれば、調べて。,major
についてご存じであれば、調べて？,major
についてご存じでしたら教えて,major
についてご存じでしたら教えて。,major
についてご存じでしたら教えて？,major
についてご存じでしたら探して,major
についてご存じでしたら探して。,major
についてご存じでしたら探して？,major
についてご存じでしたら検索して,major
についてご存じでしたら検索して。,major
についてご存じでしたら検索して？,major
についてご存じでしたら調べて,major
についてご存じでしたら調べて。,major
についてご存じでしたら調べて？,major
についてご存じでしたら、教えて,major
についてご存じでしたら、教えて。,major
についてご存じでしたら、教えて？,major
についてご存じでしたら、探して,major
についてご存じでしたら、探して。,major
についてご存じでしたら、探して？,major
についてご存じでしたら、検索して,major
についてご存じでしたら、検索して。,major
についてご存じでしたら、検索して？,major
についてご存じでしたら、調べて,major
についてご存じでしたら、調べて。,major
についてご存じでしたら、調べて？,major
について、ご存じであれば教えて,major
について、ご存じであれば教えて。,major
について、ご存じであれば教えて？,major
について、ご存じであれば探して,major
について、ご存じであれば探して。,major
について、ご存じであれば探して？,major
について、ご存じであれば検索して,major
について、ご存じであれば検索して。,major
について、ご存じであれば検索して？,major
について、ご存じであれば調べて,major
について、ご存じであれば調べて。,major
について、ご存じであれば調べて？,major
について、ご存じであれば、教えて,major
について、ご存じであれば、教えて。,major
について、ご存じであれば、教えて？,major
について、ご存じであれば、探して,major
について、ご存じであれば、探して。,major
について、ご存じであれば、探して？,major
について、ご存じであれば、検索して,major
について、ご存じであれば、検索して。,major
について、ご存じであれば、検索して？,major
について、ご存じであれば、調べて,major
について、ご存じであれば、調べて。,major
について、ご存じであれば、調べて？,major
について、ご存じでしたら教えて,major
について、ご存じでしたら教えて。,major
について、ご存じでしたら教えて？,major
について、ご存じでしたら探して,major
について、ご存じでしたら探して。,major
について、ご存じでしたら探して？,major
について、ご存じでしたら検索して,major
について、ご存じでしたら検索して。,major
について、ご存じでしたら検索して？,major
について、ご存じでしたら調べて,major
について、ご存じでしたら調べて。,major
について、ご存じでしたら調べて？,major
について、ご存じでしたら、教えて,major
について、ご存じでしたら、教えて。,major
について、ご存じでしたら、教えて？,major
について、ご存じでしたら、探して,major
について、ご存じでしたら、探して。,major
について、ご存じでしたら、探して？,major
について、ご存じでしたら、検索して,major
について、ご存じでしたら、検索して。,major
について、ご存じでしたら、検索して？,major
について、ご存じでしたら、調べて,major
について、ご存じでしたら、調べて。,major
について、ご存じでしたら、調べて？,major
をご存じであれば教えてくれませんか？,major
をご存じであれば教えて下さい,major
をご存じであれば教えて下さい。,major
をご存じであれば教えて欲しいです,major
をご存じであれば教えて欲しいです。,major
をご存じであれば教えて頂きたいです,major
をご存じであれば教えて頂きたいです。,major
をご存じであれば教えて頂けませんか？,major
をご存じであれば探してくれませんか？,major
をご存じであれば探して下さい,major
をご存じであれば探して下さい。,major
をご存じであれば探して欲しいです,major
をご存じであれば探して欲しいです。,major
をご存じであれば探して頂きたいです,major
をご存じであれば探して頂きたいです。,major
をご存じであれば探して頂けませんか？,major
をご存じであれば検索してくれませんか？,major
をご存じであれば検索して下さい,major
をご存じであれば検索して下さい。,major
をご存じであれば検索して欲しいです,major
をご存じであれば検索して欲しいです。,major
をご存じであれば検索して頂きたいです,major
をご存じであれば検索して頂きたいです。,major
をご存じであれば検索して頂けませんか？,major
をご存じであれば調べてくれませんか？,major
をご存じであれば調べて下さい,major
をご存じであれば調べて下さい。,major
をご存じであれば調べて欲しいです,major
をご存じであれば調べて欲しいです。,major
をご存じであれば調べて頂きたいです,major
をご存じであれば調べて頂きたいです。,major
をご存じであれば調べて頂けませんか？,major
をご存じであれば、教えてくれませんか？,major
をご存じであれば、教えて下さい,major
をご存じであれば、教えて下さい。,major
をご存じであれば、教えて欲しいです,major
をご存じであれば、教えて欲しいです。,major
をご存じであれば、教えて頂きたいです,major
をご存じであれば、教えて頂きたいです。,major
をご存じであれば、教えて頂けませんか？,major
をご存じであれば、探してくれませんか？,major
をご存じであれば、探して下さい,major
をご存じであれば、探して下さい。,major
をご存じであれば、探して欲しいです,major
をご存じであれば、探して欲しいです。,major
をご存じであれば、探して頂きたいです,major
をご存じであれば、探して頂きたいです。,major
をご存じであれば、探して頂けませんか？,major
をご存じであれば、検索してくれませんか？,major
をご存じであれば、検索して下さい,major
をご存じであれば、検索して下さい。,major
をご存じであれば、検索して欲しいです,major
をご存じであれば、検索して欲しいです。,major
をご存じであれば、検索して頂きたいです,major
をご存じであれば、検索して頂きたいです。,major
をご存じであれば、検索して頂けませんか？,major
をご存じであれば、調べてくれませんか？,major
をご存じであれば、調べて下さい,major
をご存じであれば、調べて下さい。,major
をご存じであれば、調べて欲しいです,major
をご存じであれば、調べて欲しいです。,major
をご存じであれば、調べて頂きたいです,major
をご存じであれば、調べて頂きたいです。,major
をご存じであれば、調べて頂けませんか？,major
をご存じでしたら教えてくれませんか？,major
をご存じでしたら教えて下さい,major
をご存じでしたら教えて下さい。,major
をご存じでしたら教えて欲しいです,major
をご存じでしたら教えて欲しいです。,major
をご存じでしたら教えて頂きたいです,major
をご存じでしたら教えて頂きたいです。,major
をご存じでしたら教えて頂けませんか？,major
をご存じでしたら探してくれませんか？,major
をご存じでしたら探して下さい,major
をご存じでしたら探して下さい。,major
をご存じでしたら探して欲しいです,major
をご存じでしたら探して欲しいです。,major
をご存じでしたら探して頂きたいです,major
をご存じでしたら探して頂きたいです。,major
をご存じでしたら探して頂けませんか？,major
をご存じでしたら検索してくれませんか？,major
をご存じでしたら検索して下さい,major
をご存じでしたら検索して下さい。,major
をご存じでしたら検索して欲しいです,major
をご存じでしたら検索して欲しいです。,major
をご存じでしたら検索して頂きたいです,major
をご存じでしたら検索して頂きたいです。,major
をご存じでしたら検索して頂けませんか？,major
をご存じでしたら調べてくれませんか？,major
をご存じでしたら調べて下さい,major
をご存じでしたら調べて下さい。,major
をご存じでしたら調べて欲しいです,major
をご存じでしたら調べて欲しいです。,major
をご存じでしたら調べて頂きたいです,major
をご存じでしたら調べて頂きたいです。,major
をご存じでしたら調べて頂けませんか？,major
をご存じでしたら、教えてくれませんか？,major
をご存じでしたら、教えて下さい,major
をご存じでしたら、教えて下さい。,major
をご存じでしたら、教えて欲しいです,major
をご存じでしたら、教えて欲しいです。,major
をご存じでしたら、教えて頂きたいです,major
をご存じでしたら、教えて頂きたいです。,major
をご存じでしたら、教えて頂けませんか？,major
をご存じでしたら、探してくれませんか？,major
をご存じでしたら、探して下さい,major
をご存じでしたら、探して下さい。,major
をご存じでしたら、探して欲しいです,major
をご存じでしたら、探して欲しいです。,major
をご存じでしたら、探して頂きたいです,major
をご存じでしたら、探して頂きたいです。,major
をご存じでしたら、探して頂けませんか？,major
をご存じでしたら、検索してくれませんか？,major
をご存じでしたら、検索して下さい,major
をご存じでしたら、検索して下さい。,major
をご存じでしたら、検索して欲しいです,major
をご存じでしたら、検索して欲しいです。,major
をご存じでしたら、検索して頂きたいです,major
をご存じでしたら、検索して頂きたいです。,major
をご存じでしたら、検索して頂けませんか？,major
をご存じでしたら、調べてくれませんか？,major
をご存じでしたら、調べて下さい,major
をご存じでしたら、調べて下さい。,major
をご存じでしたら、調べて欲しいです,major
をご存じでしたら、調べて欲しいです。,major
をご存じでしたら、調べて頂きたいです,major
をご存じでしたら、調べて頂きたいです。,major
をご存じでしたら、調べて頂けませんか？,major
を、ご存じであれば教えてくれませんか？,major
を、ご存じであれば教えて下さい,major
を、ご存じであれば教えて下さい。,major
を、ご存じであれば教えて欲しいです,major
を、ご存じであれば教えて欲しいです。,major
を、ご存じであれば教えて頂きたいです,major
を、ご存じであれば教えて頂きたいです。,major
を、ご存じであれば教えて頂けませんか？,major
を、ご存じであれば探してくれませんか？,major
を、ご存じであれば探して下さい,major
を、ご存じであれば探して下さい。,major
を、ご存じであれば探して欲しいです,major
を、ご存じであれば探して欲しいです。,major
を、ご存じであれば探して頂きたいです,major
を、ご存じであれば探して頂きたいです。,major
を、ご存じであれば探して頂けませんか？,major
を、ご存じであれば検索してくれませんか？,major
を、ご存じであれば検索して下さい,major
を、ご存じであれば検索して下さい。,major
を、ご存じであれば検索して欲しいです,major
を、ご存じであれば検索して欲しいです。,major
を、ご存じであれば検索して頂きたいです,major
を、ご存じであれば検索して頂きたいです。,major
を、ご存じであれば検索して頂けませんか？,major
を、ご存じであれば調べてくれませんか？,major
を、ご存じであれば調べて下さい,major
を、ご存じであれば調べて下さい。,major
を、ご存じであれば調べて欲しいです,major
を、ご存じであれば調べて欲しいです。,major
を、ご存じであれば調べて頂きたいです,major
を、ご存じであれば調べて頂きたいです。,major
を、ご存じであれば調べて頂けませんか？,major
を、ご存じであれば、教えてくれませんか？,major
を、ご存じであれば、教えて下さい,major
を、ご存じであれば、教えて下さい。,major
を、ご存じであれば、教えて欲しいです,major
を、ご存じであれば、教えて欲しいです。,major
を、ご存じであれば、教えて頂きたいです,major
を、ご存じであれば、教えて頂きたいです。,major
を、ご存じであれば、教えて頂けませんか？,major
を、ご存じであれば、探してくれませんか？,major
を、ご存じであれば、探して下さい,major
を、ご存じであれば、探して下さい。,major
を、ご存じであれば、探して欲しいです,major
を、ご存じであれば、探して欲しいです。,major
を、ご存じであれば、探して頂きたいです,major
を、ご存じであれば、探して頂きたいです。,major
を、ご存じであれば、探して頂けませんか？,major
を、ご存じであれば、検索してくれませんか？,major
を、ご存じであれば、検索して下さい,major
を、ご存じであれば、検索して下さい。,major
を、ご存じであれば、検索して欲しいです,major
を、ご存じであれば、検索して欲しいです。,major
を、ご存じであれば、検索して頂きたいです,major
を、ご存じであれば、検索して頂きたいです。,major
を、ご存じであれば、検索して頂けませんか？,major
を、ご存じであれば、調べてくれませんか？,major
を、ご存じであれば、調べて下さい,major
を、ご存じであれば、調べて下さい。,major
を、ご存じであれば、調べて欲しいです,major
を、ご存じであれば、調べて欲しいです。,major
を、ご存じであれば、調べて頂きたいです,major
を、ご存じであれば、調べて頂きたいです。,major
を、ご存じであれば、調べて頂けませんか？,major
を、ご存じでしたら教えてくれませんか？,major
を、ご存じでしたら教えて下さい,major
を、ご存じでしたら教えて下さい。,major
を、ご存じでしたら教えて欲しいです,major
を、ご存じでしたら教えて欲しいです。,major
を、ご存じでしたら教えて頂きたいです,major
を、ご存じでしたら教えて頂きたいです。,major
を、ご存じでしたら教えて頂けませんか？,major
を、ご存じでしたら探してくれませんか？,major
を、ご存じでしたら探して下さい,major
を、ご存じでしたら探して下さい。,major
を、ご存じでしたら探して欲しいです,major
を、ご存じでしたら探して欲しいです。,major
を、ご存じでしたら探して頂きたいです,major
を、ご存じでしたら探して頂きたいです。,major
を、ご存じでしたら探して頂けませんか？,major
を、ご存じでしたら検索してくれませんか？,major
を、ご存じでしたら検索して下さい,major
を、ご存じでしたら検索して下さい。,major
を、ご存じでしたら検索して欲しいです,major
を、ご存じでしたら検索して欲しいです。,major
を、ご存じでしたら検索して頂きたいです,major
を、ご存じでしたら検索して頂きたいです。,major
を、ご存じでしたら検索して頂けませんか？,major
を、ご存じでしたら調べてくれませんか？,major
を、ご存じでしたら調べて下さい,major
を、ご存じでしたら調べて下さい。,major
を、ご存じでしたら調べて欲しいです,major
を、ご存じでしたら調べて欲しいです。,major
を、ご存じでしたら調べて頂きたいです,major
を、ご存じでしたら調べて頂きたいです。,major
を、ご存じでしたら調べて頂けませんか？,major
を、ご存じでしたら、教えてくれませんか？,major
を、ご存じでしたら、教えて下さい,major
を、ご存じでしたら、教えて下さい。,major
を、ご存じでしたら、教えて欲しいです,major
を、ご存じでしたら、教えて欲しいです。,major
を、ご存じでしたら、教えて頂きたいです,major
を、ご存じでしたら、教えて頂きたいです。,major
を、ご存じでしたら、教えて頂けませんか？,major
を、ご存じでしたら、探してくれませんか？,major
を、ご存じでしたら、探して下さい,major
を、ご存じでしたら、探して下さい。,major
を、ご存じでしたら、探して欲しいです,major
を、ご存じでしたら、探して欲しいです。,major
を、ご存じでしたら、探して頂きたいです,major
を、ご存じでしたら、探して頂きたいです。,major
を、ご存じでしたら、探して頂けませんか？,major
を、ご存じでしたら、検索してくれませんか？,major
を、ご存じでしたら、検索して下さい,major
を、ご存じでしたら、検索して下さい。,major
を、ご存じでしたら、検索して欲しいです,major
を、ご存じでしたら、検索して欲しいです。,major
を、ご存じでしたら、検索して頂きたいです,major
を、ご存じでしたら、検索して頂きたいです。,major
を、ご存じでしたら、検索して頂けませんか？,major
を、ご存じでしたら、調べてくれませんか？,major
を、ご存じでしたら、調べて下さい,major
を、ご存じでしたら、調べて下さい。,major
を、ご存じでしたら、調べて欲しいです,major
を、ご存じでしたら、調べて欲しいです。,major
を、ご存じでしたら、調べて頂きたいです,major
を、ご存じでしたら、調べて頂きたいです。,major
を、ご存じでしたら、調べて頂けませんか？,major
についてご存じであれば教えてくれませんか？,major
についてご存じであれば教えて下さい,major
についてご存じであれば教えて下さい。,major
についてご存じであれば教えて欲しいです,major
についてご存じであれば教えて欲しいです。,major
についてご存じであれば教えて頂きたいです,major
についてご存じであれば教えて頂きたいです。,major
についてご存じであれば教えて頂けませんか？,major
についてご存じであれば探してくれませんか？,major
についてご存じであれば探して下さい,major
についてご存じであれば探して下さい。,major
についてご存じであれば探して欲しいです,major
についてご存じであれば探して欲しいです。,major
についてご存じであれば探して頂きたいです,major
についてご存じであれば探して頂きたいです。,major
についてご存じであれば探して頂けませんか？,major
についてご存じであれば検索してくれませんか？,major
についてご存じであれば検索して下さい,major
についてご存じであれば検索して下さい。,major
についてご存じであれば検索して欲しいです,major
についてご存じであれば検索して欲しいです。,major
についてご存じであれば検索して頂きたいです,major
についてご存じであれば検索して頂きたいです。,major
についてご存じであれば検索して頂けませんか？,major
についてご存じであれば調べてくれませんか？,major
についてご存じであれば調べて下さい,major
についてご存じであれば調べて下さい。,major
についてご存じであれば調べて欲しいです,major
についてご存じであれば調べて欲しいです。,major
についてご存じであれば調べて頂きたいです,major
についてご存じであれば調べて頂きたいです。,major
についてご存じであれば調べて頂けませんか？,major
についてご存じであれば、教えてくれませんか？,major
についてご存じであれば、教えて下さい,major
についてご存じであれば、教えて下さい。,major
についてご存じであれば、教えて欲しいです,major
についてご存じであれば、教えて欲しいです。,major
についてご存じであれば、教えて頂きたいです,major
についてご存じであれば、教えて頂きたいです。,major
についてご存じであれば、教えて頂けませんか？,major
についてご存じであれば、探してくれませんか？,major
についてご存じであれば、探して下さい,major
についてご存じであれば、探して下さい。,major
についてご存じであれば、探して欲しいです,major
についてご存じであれば、探して欲しいです。,major
についてご存じであれば、探して頂きたいです,major
についてご存じであれば、探して頂きたいです。,major
についてご存じであれば、探して頂けませんか？,major
についてご存じであれば、検索してくれませんか？,major
についてご存じであれば、検索して下さい,major
についてご存じであれば、検索して下さい。,major
についてご存じであれば、検索して欲しいです,major
についてご存じであれば、検索して欲しいです。,major
についてご存じであれば、検索して頂きたいです,major
についてご存じであれば、検索して頂きたいです。,major
についてご存じであれば、検索して頂けませんか？,major
についてご存じであれば、調べてくれませんか？,major
についてご存じであれば、調べて下さい,major
についてご存じであれば、調べて下さい。,major
についてご存じであれば、調べて欲しいです,major
についてご存じであれば、調べて欲しいです。,major
についてご存じであれば、調べて頂きたいです,major
についてご存じであれば、調べて頂きたいです。,major
についてご存じであれば、調べて頂けませんか？,major
についてご存じでしたら教えてくれませんか？,major
についてご存じでしたら教えて下さい,major
についてご存じでしたら教えて下さい。,major
についてご存じでしたら教えて欲しいです,major
についてご存じでしたら教えて欲しいです。,major
についてご存じでしたら教えて頂きたいです,major
についてご存じでしたら教えて頂きたいです。,major
についてご存じでしたら教えて頂けませんか？,major
についてご存じでしたら探してくれませんか？,major
についてご存じでしたら探して下さい,major
についてご存じでしたら探して下さい。,major
についてご存じでしたら探して欲しいです,major
についてご存じでしたら探して欲しいです。,major
についてご存じでしたら探して頂きたいです,major
についてご存じでしたら探して頂きたいです。,major
についてご存じでしたら探して頂けませんか？,major
についてご存じでしたら検索してくれませんか？,major
についてご存じでしたら検索して下さい,major
についてご存じでしたら検索して下さい。,major
についてご存じでしたら検索して欲しいです,major
についてご存じでしたら検索して欲しいです。,major
についてご存じでしたら検索して頂きたいです,major
についてご存じでしたら検索して頂きたいです。,major
についてご存じでしたら検索して頂けませんか？,major
についてご存じでしたら調べてくれませんか？,major
についてご存じでしたら調べて下さい,major
についてご存じでしたら調べて下さい。,major
についてご存じでしたら調べて欲しいです,major
についてご存じでしたら調べて欲しいです。,major
についてご存じでしたら調べて頂きたいです,major
についてご存じでしたら調べて頂きたいです。,major
についてご存じでしたら調べて頂けませんか？,major
についてご存じでしたら、教えてくれませんか？,major
についてご存じでしたら、教えて下さい,major
についてご存じでしたら、教えて下さい。,major
についてご存じでしたら、教えて欲しいです,major
についてご存じでしたら、教えて欲しいです。,major
についてご存じでしたら、教えて頂きたいです,major
についてご存じでしたら、教えて頂きたいです。,major
についてご存じでしたら、教えて頂けませんか？,major
についてご存じでしたら、探してくれませんか？,major
についてご存じでしたら、探して下さい,major
についてご存じでしたら、探して下さい。,major
についてご存じでしたら、探して欲しいです,major
についてご存じでしたら、探して欲しいです。,major
についてご存じでしたら、探して頂きたいです,major
についてご存じでしたら、探して頂きたいです。,major
についてご存じでしたら、探して頂けませんか？,major
についてご存じでしたら、検索してくれませんか？,major
についてご存じでしたら、検索して下さい,major
についてご存じでしたら、検索して下さい。,major
についてご存じでしたら、検索して欲しいです,major
についてご存じでしたら、検索して欲しいです。,major
についてご存じでしたら、検索して頂きたいです,major
についてご存じでしたら、検索して頂きたいです。,major
についてご存じでしたら、検索して頂けませんか？,major
についてご存じでしたら、調べてくれませんか？,major
についてご存じでしたら、調べて下さい,major
についてご存じでしたら、調べて下さい。,major
についてご存じでしたら、調べて欲しいです,major
についてご存じでしたら、調べて欲しいです。,major
についてご存じでしたら、調べて頂きたいです,major
についてご存じでしたら、調べて頂きたいです。,major
についてご存じでしたら、調べて頂けませんか？,major
について、ご存じであれば教えてくれませんか？,major
について、ご存じであれば教えて下さい,major
について、ご存じであれば教えて下さい。,major
について、ご存じであれば教えて欲しいです,major
について、ご存じであれば教えて欲しいです。,major
について、ご存じであれば教えて頂きたいです,major
について、ご存じであれば教えて頂きたいです。,major
について、ご存じであれば教えて頂けませんか？,major
について、ご存じであれば探してくれませんか？,major
について、ご存じであれば探して下さい,major
について、ご存じであれば探して下さい。,major
について、ご存じであれば探して欲しいです,major
について、ご存じであれば探して欲しいです。,major
について、ご存じであれば探して頂きたいです,major
について、ご存じであれば探して頂きたいです。,major
について、ご存じであれば探して頂けませんか？,major
について、ご存じであれば検索してくれませんか？,major
について、ご存じであれば検索して下さい,major
について、ご存じであれば検索して下さい。,major
について、ご存じであれば検索して欲しいです,major
について、ご存じであれば検索して欲しいです。,major
について、ご存じであれば検索して頂きたいです,major
について、ご存じであれば検索して頂きたいです。,major
について、ご存じであれば検索して頂けませんか？,major
について、ご存じであれば調べてくれませんか？,major
について、ご存じであれば調べて下さい,major
について、ご存じであれば調べて下さい。,major
について、ご存じであれば調べて欲しいです,major
について、ご存じであれば調べて欲しいです。,major
について、ご存じであれば調べて頂きたいです,major
について、ご存じであれば調べて頂きたいです。,major
について、ご存じであれば調べて頂けませんか？,major
について、ご存じであれば、教えてくれませんか？,major
について、ご存じであれば、教えて下さい,major
について、ご存じであれば、教えて下さい。,major
について、ご存じであれば、教えて欲しいです,major
について、ご存じであれば、教えて欲しいです。,major
について、ご存じであれば、教えて頂きたいです,major
について、ご存じであれば、教えて頂きたいです。,major
について、ご存じであれば、教えて頂けませんか？,major
について、ご存じであれば、探してくれませんか？,major
について、ご存じであれば、探して下さい,major
について、ご存じであれば、探して下さい。,major
について、ご存じであれば、探して欲しいです,major
について、ご存じであれば、探して欲しいです。,major
について、ご存じであれば、探して頂きたいです,major
について、ご存じであれば、探して頂きたいです。,major
について、ご存じであれば、探して頂けませんか？,major
について、ご存じであれば、検索してくれませんか？,major
について、ご存じであれば、検索して下さい,major
について、ご存じであれば、検索して下さい。,major
について、ご存じであれば、検索して欲しいです,major
について、ご存じであれば、検索して欲しいです。,major
について、ご存じであれば、検索して頂きたいです,major
について、ご存じであれば、検索して頂きたいです。,major
について、ご存じであれば、検索して頂けませんか？,major
について、ご存じであれば、調べてくれませんか？,major
について、ご存じであれば、調べて下さい,major
について、ご存じであれば、調べて下さい。,major
について、ご存じであれば、調べて欲しいです,major
について、ご存じであれば、調べて欲しいです。,major
について、ご存じであれば、調べて頂きたいです,major
について、ご存じであれば、調べて頂きたいです。,major
について、ご存じであれば、調べて頂けませんか？,major
について、ご存じでしたら教えてくれませんか？,major
について、ご存じでしたら教えて下さい,major
について、ご存じでしたら教えて下さい。,major
について、ご存じでしたら教えて欲しいです,major
について、ご存じでしたら教えて欲しいです。,major
について、ご存じでしたら教えて頂きたいです,major
について、ご存じでしたら教えて頂きたいです。,major
について、ご存じでしたら教えて頂けませんか？,major
について、ご存じでしたら探してくれませんか？,major
について、ご存じでしたら探して下さい,major
について、ご存じでしたら探して下さい。,major
について、ご存じでしたら探して欲しいです,major
について、ご存じでしたら探して欲しいです。,major
について、ご存じでしたら探して頂きたいです,major
について、ご存じでしたら探して頂きたいです。,major
について、ご存じでしたら探して頂けませんか？,major
について、ご存じでしたら検索してくれませんか？,major
について、ご存じでしたら検索して下さい,major
について、ご存じでしたら検索して下さい。,major
について、ご存じでしたら検索して欲しいです,major
について、ご存じでしたら検索して欲しいです。,major
について、ご存じでしたら検索して頂きたいです,major
について、ご存じでしたら検索して頂きたいです。,major
について、ご存じでしたら検索して頂けませんか？,major
について、ご存じでしたら調べてくれませんか？,major
について、ご存じでしたら調べて下さい,major
について、ご存じでしたら調べて下さい。,major
について、ご存じでしたら調べて欲しいです,major
について、ご存じでしたら調べて欲しいです。,major
について、ご存じでしたら調べて頂きたいです,major
について、ご存じでしたら調べて頂きたいです。,major
について、ご存じでしたら調べて頂けませんか？,major
について、ご存じでしたら、教えてくれませんか？,major
について、ご存じでしたら、教えて下さい,major
について、ご存じでしたら、教えて下さい。,major
について、ご存じでしたら、教えて欲しいです,major
について、ご存じでしたら、教えて欲しいです。,major
について、ご存じでしたら、教えて頂きたいです,major
について、ご存じでしたら、教えて頂きたいです。,major
について、ご存じでしたら、教えて頂けませんか？,major
について、ご存じでしたら、探してくれませんか？,major
について、ご存じでしたら、探して下さい,major
について、ご存じでしたら、探して下さい。,major
について、ご存じでしたら、探して欲しいです,major
について、ご存じでしたら、探して欲しいです。,major
について、ご存じでしたら、探して頂きたいです,major
について、ご存じでしたら、探して頂きたいです。,major
について、ご存じでしたら、探して頂けませんか？,major
について、ご存じでしたら、検索してくれませんか？,major
について、ご存じでしたら、検索して下さい,major
について、ご存じでしたら、検索して下さい。,major
について、ご存じでしたら、検索して欲しいです,major
について、ご存じでしたら、検索して欲しいです。,major
について、ご存じでしたら、検索して頂きたいです,major
について、ご存じでしたら、検索して頂きたいです。,major
について、ご存じでしたら、検索して頂けませんか？,major
について、ご存じでしたら、調べてくれませんか？,major
について、ご存じでしたら、調べて下さい,major
について、ご存じでしたら、調べて下さい。,major
について、ご存じでしたら、調べて欲しいです,major
について、ご存じでしたら、調べて欲しいです。,major
について、ご存じでしたら、調べて頂きたいです,major
について、ご存じでしたら、調べて頂きたいです。,major
について、ご存じでしたら、調べて頂けませんか？,major
を教えて,major
を教えて。,major
を教えて？,major
を探して,major
を探して。,major
を探して？,major
を検索して,major
を検索して。,major
を検索して？,major
を調べて,major
を調べて。,major
を調べて？,major
を、教えて,major
を、教えて。,major
を、教えて？,major
を、探して,major
を、探して。,major
を、探して？,major
を、検索して,major
を、検索して。,major
を、検索して？,major
を、調べて,major
を、調べて。,major
を、調べて？,major
について教えて,major
について教えて。,major
について教えて？,major
について探して,major
について探して。,major
について探して？,major
について検索して,major
について検索して。,major
について検索して？,major
について調べて,major
について調べて。,major
について調べて？,major
について、教えて,major
について、教えて。,major
について、教えて？,major
について、探して,major
について、探して。,major
について、探して？,major
について、検索して,major
について、検索して。,major
について、検索して？,major
について、調べて,major
について、調べて。,major
について、調べて？,major
を教えろ,major
を教えろ。,major
を探せ,major
を探せ。,major
を検索,major
を検索。,major
を検索しろ,major
を検索しろ。,major
を調べろ,major
を調べろ。,major
を、教えろ,major
を、教えろ。,major
を、探せ,major
を、探せ。,major
を、検索,major
を、検索。,major
を、検索しろ,major
を、検索しろ。,major
を、調べろ,major
を、調べろ。,major
について教えろ,major
について教えろ。,major
について探せ,major
について探せ。,major
について検索,major
について検索。,major
について検索しろ,major
について検索しろ。,major
について調べろ,major
について調べろ。,major
について、教えろ,major
について、教えろ。,major
について、探せ,major
について、探せ。,major
について、検索,major
について、検索。,major
について、検索しろ,major
について、検索しろ。,major
について、調べろ,major
について、調べろ。,major
を教えてくれませんか？,major
を教えて下さい,major
を教えて下さい。,major
を教えて欲しいです,major
を教えて欲しいです。,major
を教えて頂きたいです,major
を教えて頂きたいです。,major
を教えて頂けませんか？,major
を探してくれませんか？,major
を探して下さい,major
を探して下さい。,major
を探して欲しいです,major
を探して欲しいです。,major
を探して頂きたいです,major
を探して頂きたいです。,major
を探して頂けませんか？,major
を検索してくれませんか？,major
を検索して下さい,major
を検索して下さい。,major
を検索して欲しいです,major
を検索して欲しいです。,major
を検索して頂きたいです,major
を検索して頂きたいです。,major
を検索して頂けませんか？,major
を調べてくれませんか？,major
を調べて下さい,major
を調べて下さい。,major
を調べて欲しいです,major
を調べて欲しいです。,major
を調べて頂きたいです,major
を調べて頂きたいです。,major
を調べて頂けませんか？,major
を、教えてくれませんか？,major
を、教えて下さい,major
を、教えて下さい。,major
を、教えて欲しいです,major
を、教えて欲しいです。,major
を、教えて頂きたいです,major
を、教えて頂きたいです。,major
を、教えて頂けませんか？,major
を、探してくれませんか？,major
を、探して下さい,major
を、探して下さい。,major
を、探して欲しいです,major
を、探して欲しいです。,major
を、探して頂きたいです,major
を、探して頂きたいです。,major
を、探して頂けませんか？,major
を、検索してくれませんか？,major
を、検索して下さい,major
を、検索して下さい。,major
を、検索して欲しいです,major
を、検索して欲しいです。,major
を、検索して頂きたいです,major
を、検索して頂きたいです。,major
を、検索して頂けませんか？,major
を、調べてくれませんか？,major
を、調べて下さい,major
を、調べて下さい。,major
を、調べて欲しいです,major
を、調べて欲しいです。,major
を、調べて頂きたいです,major
を、調べて頂きたいです。,major
を、調べて頂けませんか？,major
について教えてくれませんか？,major
について教えて下さい,major
について教えて下さい。,major
について教えて欲しいです,major
について教えて欲しいです。,major
について教えて頂きたいです,major
について教えて頂きたいです。,major
について教えて頂けませんか？,major
について探してくれませんか？,major
について探して下さい,major
について探して下さい。,major
について探して欲しいです,major
について探して欲しいです。,major
について探して頂きたいです,major
について探して頂きたいです。,major
について探して頂けませんか？,major
について検索してくれませんか？,major
について検索して下さい,major
について検索して下さい。,major
について検索して欲しいです,major
について検索して欲しいです。,major
について検索して頂きたいです,major
について検索して頂きたいです。,major
について検索して頂けませんか？,major
について調べてくれませんか？,major
について調べて下さい,major
について調べて下さい。,major
について調べて欲しいです,major
について調べて欲しいです。,major
について調べて頂きたいです,major
について調べて頂きたいです。,major
について調べて頂けませんか？,major
について、教えてくれませんか？,major
について、教えて下さい,major
について、教えて下さい。,major
について、教えて欲しいです,major
について、教えて欲しいです。,major
について、教えて頂きたいです,major
について、教えて頂きたいです。,major
について、教えて頂けませんか？,major
について、探してくれませんか？,major
について、探して下さい,major
について、探して下さい。,major
について、探して欲しいです,major
について、探して欲しいです。,major
について、探して頂きたいです,major
について、探して頂きたいです。,major
について、探して頂けませんか？,major
について、検索してくれませんか？,major
について、検索して下さい,major
について、検索して下さい。,major
について、検索して欲しいです,major
について、検索して欲しいです。,major
について、検索して頂きたいです,major
について、検索して頂きたいです。,major
について、検索して頂けませんか？,major
について、調べてくれませんか？,major
について、調べて下さい,major
について、調べて下さい。,major
について、調べて欲しいです,major
について、調べて欲しいです。,major
について、調べて頂きたいです,major
について、調べて頂きたいです。,major
について、調べて頂けませんか？,major
は知ってる？,major
は知ってます？,major
は知ってますか,major
は知ってますか。,major
は知ってますか？,major
はご存じでしょうか,major
はご存じでしょうか。,major
はご存じでしょうか？,major
は、知ってる？,major
は、知ってます？,major
は、知ってますか,major
は、知ってますか。,major
は、知ってますか？,major
は、ご存じでしょうか,major
は、ご存じでしょうか。,major
は、ご存じでしょうか？,major
はある？,minor
はありますか？,minor
は、ある？,minor
は、ありますか？,minor
があれば教えて,minor
があれば教えて。,minor
があれば教えて？,minor
があれば探して,minor
があれば探して。,minor
があれば探して？,minor
があれば検索して,minor
があれば検索して。,minor
があれば検索して？,minor
があれば調べて,minor
があれば調べて。,minor
があれば調べて？,minor
があれば、教えて,minor
があれば、教えて。,minor
があれば、教えて？,minor
があれば、探して,minor
があれば、探して。,minor
があれば、探して？,minor
があれば、検索して,minor
があれば、検索して。,minor
があれば、検索して？,minor
があれば、調べて,minor
があれば、調べて。,minor
があれば、調べて？,minor
があったら教えて,minor
があったら教えて。,minor
があったら教えて？,minor
があったら探して,minor
があったら探して。,minor
があったら探して？,minor
があったら検索して,minor
があったら検索して。,minor
があったら検索して？,minor
があったら調べて,minor
があったら調べて。,minor
があったら調べて？,minor
があったら、教えて,minor
があったら、教えて。,minor
があったら、教えて？,minor
があったら、探して,minor
があったら、探して。,minor
があったら、探して？,minor
があったら、検索して,minor
があったら、検索して。,minor
があったら、検索して？,minor
があったら、調べて,minor
があったら、調べて。,minor
があったら、調べて？,minor
が、あれば教えて,minor
が、あれば教えて。,minor
が、あれば教えて？,minor
が、あれば探して,minor
が、あれば探して。,minor
が、あれば探して？,minor
が、あれば検索して,minor
が、あれば検索して。,minor
が、あれば検索して？,minor
が、あれば調べて,minor
が、あれば調べて。,minor
が、あれば調べて？,minor
が、あれば、教えて,minor
が、あれば、教えて。,minor
が、あれば、教えて？,minor
が、あれば、探して,minor
が、あれば、探して。,minor
が、あれば、探して？,minor
が、あれば、検索して,minor
が、あれば、検索して。,minor
が、あれば、検索して？,minor
が、あれば、調べて,minor
が、あれば、調べて。,minor
が、あれば、調べて？,minor
が、あったら教えて,minor
が、あったら教えて。,minor
が、あったら教えて？,minor
が、あったら探して,minor
が、あったら探して。,minor
が、あったら探して？,minor
が、あったら検索して,minor
が、あったら検索して。,minor
が、あったら検索して？,minor
が、あったら調べて,minor
が、あったら調べて。,minor
が、あったら調べて？,minor
が、あったら、教えて,minor
が、あったら、教えて。,minor
が、あったら、教えて？,minor
が、あったら、探して,minor
が、あったら、探して。,minor
が、あったら、探して？,minor
が、あったら、検索して,minor
が、あったら、検索して。,minor
が、あったら、検索して？,minor
が、あったら、調べて,minor
が、あったら、調べて。,minor
が、あったら、調べて？,minor
があれば教えろ,minor
があれば教えろ。,minor
があれば探せ,minor
があれば探せ。,minor
があれば検索,minor
があれば検索。,minor
があれば検索しろ,minor
があれば検索しろ。,minor
があれば調べろ,minor
があれば調べろ。,minor
があれば、教えろ,minor
があれば、教えろ。,minor
があれば、探せ,minor
があれば、探せ。,minor
があれば、検索,minor
があれば、検索。,minor
があれば、検索しろ,minor
があれば、検索しろ。,minor
があれば、調べろ,minor
があれば、調べろ。,minor
があったら教えろ,minor
があったら教えろ。,minor
があったら探せ,minor
があったら探せ。,minor
があったら検索,minor
があったら検索。,minor
があったら検索しろ,minor
があったら検索しろ。,minor
があったら調べろ,minor
があったら調べろ。,minor
があったら、教えろ,minor
があったら、教えろ。,minor
があったら、探せ,minor
があったら、探せ。,minor
があったら、検索,minor
があったら、検索。,minor
があったら、検索しろ,minor
があったら、検索しろ。,minor
があったら、調べろ,minor
があったら、調べろ。,minor
が、あれば教えろ,minor
が、あれば教えろ。,minor
が、あれば探せ,minor
が、あれば探せ。,minor
が、あれば検索,minor
が、あれば検索。,minor
が、あれば検索しろ,minor
が、あれば検索しろ。,minor
が、あれば調べろ,minor
が、あれば調べろ。,minor
が、あれば、教えろ,minor
が、あれば、教えろ。,minor
が、あれば、探せ,minor
が、あれば、探せ。,minor
が、あれば、検索,minor
が、あれば、検索。,minor
が、あれば、検索しろ,minor
が、あれば、検索しろ。,minor
が、あれば、調べろ,minor
が、あれば、調べろ。,minor
が、あったら教えろ,minor
が、あったら教えろ。,minor
が、あったら探せ,minor
が、あったら探せ。,minor
が、あったら検索,minor
が、あったら検索。,minor
が、あったら検索しろ,minor
が、あったら検索しろ。,minor
が、あったら調べろ,minor
が、あったら調べろ。,minor
が、あったら、教えろ,minor
が、あったら、教えろ。,minor
が、あったら、探せ,minor
が、あったら、探せ。,minor
が、あったら、検索,minor
が、あったら、検索。,minor
が、あったら、検索しろ,minor
が、あったら、検索しろ。,minor
が、あったら、調べろ,minor
が、あったら、調べろ。,minor
があれば教えてくれませんか？,minor
があれば教えて下さい,minor
があれば教えて下さい。,minor
があれば教えて欲しいです,minor
があれば教えて欲しいです。,minor
があれば教えて頂きたいです,minor
があれば教えて頂きたいです。,minor
があれば教えて頂けませんか？,minor
があれば探してくれませんか？,minor
があれば探して下さい,minor
があれば探して下さい。,minor
があれば探して欲しいです,minor
があれば探して欲しいです。,minor
があれば探して頂きたいです,minor
があれば探して頂きたいです。,minor
があれば探して頂けませんか？,minor
があれば検索してくれませんか？,minor
があれば検索して下さい,minor
があれば検索して下さい。,minor
があれば検索して欲しいです,minor
があれば検索して欲しいです。,minor
があれば検索して頂きたいです,minor
があれば検索して頂きたいです。,minor
があれば検索して頂けませんか？,minor
があれば調べてくれませんか？,minor
があれば調べて下さい,minor
があれば調べて下さい。,minor
があれば調べて欲しいです,minor
があれば調べて欲しいです。,minor
があれば調べて頂きたいです,minor
があれば調べて頂きたいです。,minor
があれば調べて頂けませんか？,minor
があれば、教えてくれませんか？,minor
があれば、教えて下さい,minor
があれば、教えて下さい。,minor
があれば、教えて欲しいです,minor
があれば、教えて欲しいです。,minor
があれば、教えて頂きたいです,minor
があれば、教えて頂きたいです。,minor
があれば、教えて頂けませんか？,minor
があれば、探してくれませんか？,minor
があれば、探して下さい,minor
があれば、探して下さい。,minor
があれば、探して欲しいです,minor
があれば、探して欲しいです。,minor
があれば、探して頂きたいです,minor
があれば、探して頂きたいです。,minor
があれば、探して頂けませんか？,minor
があれば、検索してくれませんか？,minor
があれば、検索して下さい,minor
があれば、検索して下さい。,minor
があれば、検索して欲しいです,minor
があれば、検索して欲しいです。,minor
があれば、検索して頂きたいです,minor
があれば、検索して頂きたいです。,minor
があれば、検索して頂けませんか？,minor
があれば、調べてくれませんか？,minor
があれば、調べて下さい,minor
があれば、調べて下さい。,minor
があれば、調べて欲しいです,minor
があれば、調べて欲しいです。,minor
があれば、調べて頂きたいです,minor
があれば、調べて頂きたいです。,minor
があれば、調べて頂けませんか？,minor
があったら教えてくれませんか？,minor
があったら教えて下さい,minor
があったら教えて下さい。,minor
があったら教えて欲しいです,minor
があったら教えて欲しいです。,minor
があったら教えて頂きたいです,minor
があったら教えて頂きたいです。,minor
があったら教えて頂けませんか？,minor
があったら探してくれませんか？,minor
があったら探して下さい,minor
があったら探して下さい。,minor
があったら探して欲しいです,minor
があったら探して欲しいです。,minor
があったら探して頂きたいです,minor
があったら探して頂きたいです。,minor
があったら探して頂けませんか？,minor
があったら検索してくれませんか？,minor
があったら検索して下さい,minor
があったら検索して下さい。,minor
があったら検索して欲しいです,minor
があったら検索して欲しいです。,minor
があったら検索して頂きたいです,minor
があったら検索して頂きたいです。,minor
があったら検索して頂けませんか？,minor
があったら調べてくれませんか？,minor
があったら調べて下さい,minor
があったら調べて下さい。,minor
があったら調べて欲しいです,minor
があったら調べて欲しいです。,minor
があったら調べて頂きたいです,minor
があったら調べて頂きたいです。,minor
があったら調べて頂けませんか？,minor
があったら、教えてくれませんか？,minor
があったら、教えて下さい,minor
があったら、教えて下さい。,minor
があったら、教えて欲しいです,minor
があったら、教えて欲しいです。,minor
があったら、教えて頂きたいです,minor
があったら、教えて頂きたいです。,minor
があったら、教えて頂けませんか？,minor
があったら、探してくれませんか？,minor
があったら、探して下さい,minor
があったら、探して下さい。,minor
があったら、探して欲しいです,minor
があったら、探して欲しいです。,minor
があったら、探して頂きたいです,minor
があったら、探して頂きたいです。,minor
があったら、探して頂けませんか？,minor
があったら、検索してくれませんか？,minor
があったら、検索して下さい,minor
があったら、検索して下さい。,minor
があったら、検索して欲しいです,minor
があったら、検索して欲しいです。,minor
があったら、検索して頂きたいです,minor
があったら、検索して頂きたいです。,minor
があったら、検索して頂けませんか？,minor
があったら、調べてくれませんか？,minor
があったら、調べて下さい,minor
があったら、調べて下さい。,minor
があったら、調べて欲しいです,minor
があったら、調べて欲しいです。,minor
があったら、調べて頂きたいです,minor
があったら、調べて頂きたいです。,minor
があったら、調べて頂けませんか？,minor
が、あれば教えてくれませんか？,minor
が、あれば教えて下さい,minor
が、あれば教えて下さい。,minor
が、あれば教えて欲しいです,minor
が、あれば教えて欲しいです。,minor
が、あれば教えて頂きたいです,minor
が、あれば教えて頂きたいです。,minor
が、あれば教えて頂けませんか？,minor
が、あれば探してくれませんか？,minor
が、あれば探して下さい,minor
が、あれば探して下さい。,minor
が、あれば探して欲しいです,minor
が、あれば探して欲しいです。,minor
が、あれば探して頂きたいです,minor
が、あれば探して頂きたいです。,minor
が、あれば探して頂けませんか？,minor
が、あれば検索してくれませんか？,minor
が、あれば検索して下さい,minor
が、あれば検索して下さい。,minor
が、あれば検索して欲しいです,minor
が、あれば検索して欲しいです。,minor
が、あれば検索して頂きたいです,minor
が、あれば検索して頂きたいです。,minor
が、あれば検索して頂けませんか？,minor
が、あれば調べてくれませんか？,minor
が、あれば調べて下さい,minor
が、あれば調べて下さい。,minor
が、あれば調べて欲しいです,minor
が、あれば調べて欲しいです。,minor
が、あれば調べて頂きたいです,minor
が、あれば調べて頂きたいです。,minor
が、あれば調べて頂けませんか？,minor
が、あれば、教えてくれませんか？,minor
が、あれば、教えて下さい,minor
が、あれば、教えて下さい。,minor
が、あれば、教えて欲しいです,minor
が、あれば、教えて欲しいです。,minor
が、あれば、教えて頂きたいです,minor
が、あれば、教えて頂きたいです。,minor
が、あれば、教えて頂けませんか？,minor
が、あれば、探してくれませんか？,minor
が、あれば、探して下さい,minor
が、あれば、探して下さい。,minor
が、あれば、探して欲しいです,minor
が、あれば、探して欲しいです。,minor
が、あれば、探して頂きたいです,minor
が、あれば、探して頂きたいです。,minor
が、あれば、探して頂けませんか？,minor
が、あれば、検索してくれませんか？,minor
が、あれば、検索して下さい,minor
が、あれば、検索して下さい。,minor
が、あれば、検索して欲しいです,minor
が、あれば、検索して欲しいです。,minor
が、あれば、検索して頂きたいです,minor
が、あれば、検索して頂きたいです。,minor
が、あれば、検索して頂けませんか？,minor
が、あれば、調べてくれませんか？,minor
が、あれば、調べて下さい,minor
が、あれば、調べて下さい。,minor
が、あれば、調べて欲しいです,minor
が、あれば、調べて欲しいです。,minor
が、あれば、調べて頂きたいです,minor
が、あれば、調べて頂きたいです。,minor
が、あれば、調べて頂けませんか？,minor
が、あったら教えてくれませんか？,minor
が、あったら教えて下さい,minor
が、あったら教えて下さい。,minor
が、あったら教えて欲しいです,minor
が、あったら教えて欲しいです。,minor
が、あったら教えて頂きたいです,minor
が、あったら教えて頂きたいです。,minor
が、あったら教えて頂けませんか？,minor
が、あったら探してくれませんか？,minor
が、あったら探して下さい,minor
が、あったら探して下さい。,minor
が、あったら探して欲しいです,minor
が、あったら探して欲しいです。,minor
が、あったら探して頂きたいです,minor
が、あったら探して頂きたいです。,minor
が、あったら探して頂けませんか？,minor
が、あったら検索してくれませんか？,minor
が、あったら検索して下さい,minor
が、あったら検索して下さい。,minor
が、あったら検索して欲しいです,minor
が、あったら検索して欲しいです。,minor
が、あったら検索して頂きたいです,minor
が、あったら検索して頂きたいです。,minor
が、あったら検索して頂けませんか？,minor
が、あったら調べてくれませんか？,minor
が、あったら調べて下さい,minor
が、あったら調べて下さい。,minor
が、あったら調べて欲しいです,minor
が、あったら調べて欲しいです。,minor
が、あったら調べて頂きたいです,minor
が、あったら調べて頂きたいです。,minor
が、あったら調べて頂けませんか？,minor
が、あったら、教えてくれませんか？,minor
が、あったら、教えて下さい,minor
が、あったら、教えて下さい。,minor
が、あったら、教えて欲しいです,minor
が、あったら、教えて欲しいです。,minor
が、あったら、教えて頂きたいです,minor
が、あったら、教えて頂きたいです。,minor
が、あったら、教えて頂けませんか？,minor
が、あったら、探してくれませんか？,minor
が、あったら、探して下さい,minor
が、あったら、探して下さい。,minor
が、あったら、探して欲しいです,minor
が、あったら、探して欲しいです。,minor
が、あったら、探して頂きたいです,minor
が、あったら、探して頂きたいです。,minor
が、あったら、探して頂けませんか？,minor
が、あったら、検索してくれませんか？,minor
が、あったら、検索して下さい,minor
が、あったら、検索して下さい。,minor
が、あったら、検索して欲しいです,minor
が、あったら、検索して欲しいです。,minor
が、あったら、検索して頂きたいです,minor
が、あったら、検索して頂きたいです。,minor
が、あったら、検索して頂けませんか？,minor
が、あったら、調べてくれませんか？,minor
が、あったら、調べて下さい,minor
が、あったら、調べて下さい。,minor
が、あったら、調べて欲しいです,minor
が、あったら、調べて欲しいです。,minor
が、あったら、調べて頂きたいです,minor
が、あったら、調べて頂きたいです。,minor
が、あったら、調べて頂けませんか？,minor
